fecha_proceso,nro_socio,v_ah_cuenta,fecha_aper,fecha_ultmov,oficina_cta,estado_actual,prod_bancario,saldo_disponible,monto_bloq,ult_tasa_int,tiene_bloqueos,bloqueo_encaje,v24h,val_de_creditos,val_de_debitos,fecha_ult_capi,tipo_cuenta,cooplinea,tarjetas,credito,fecha_actualizacion,v12h,v48h,v72h_difer,int_hoy,int_acumulado,saldo_int_decim
2026-05-18,2000000,4000000,2025-08-20,2026-03-14,20,A,1,13403.91,268.08,1.00,1,210.93,1416.17,12012.85,3814.22,2026-05-18,EL CENTAVITO,0,1,1,2025-05-29,204.33,1235.43,402.47,1.84,60.57,8.89
2026-05-18,2000001,4000001,2024-04-29,2026-04-09,69,A,10,9003.00,180.06,2.00,1,71.95,951.39,2331.75,3991.88,2026-05-18,EL CENTAVITO,1,1,1,2025-12-09,386.25,1308.02,207.48,0.67,42.53,0.79
2026-05-18,2000002,4000002,2021-11-30,2026-05-12,60,A,10,17139.84,342.80,1.50,1,136.12,837.12,8877.46,5267.05,2026-05-18,EL CENTAVITO,1,1,1,2025-03-31,654.80,1731.65,812.60,1.32,57.52,81.99
2026-05-18,2000003,4000003,2023-12-13,2026-03-10,20,A,20,15998.23,319.96,1.00,1,7.38,1286.48,12806.14,6928.94,2026-05-18,AHORROS,1,0,1,2026-05-01,617.64,186.12,1026.57,0.09,8.78,3.98
2026-05-18,2000004,4000004,2021-06-08,2026-03-10,69,A,20,6997.49,139.95,1.50,1,153.29,472.74,3948.29,7332.36,2026-05-18,EL CENTAVITO,1,0,1,2026-03-29,245.00,978.73,597.39,0.19,209.75,20.60
2026-05-18,2000005,4000005,2026-04-28,2026-04-17,41,A,1,12027.17,240.54,2.00,1,93.78,1233.84,8569.85,8054.68,2026-05-18,CUENTA BASICA,1,0,1,2025-05-21,248.42,850.91,1183.84,1.00,19.70,28.33
2026-05-18,2000006,4000006,2024-05-26,2026-03-17,69,A,20,7538.39,150.77,1.00,1,61.16,618.76,2205.74,7467.63,2026-05-18,CUENTA BASICA,1,0,1,2025-06-19,204.03,1204.38,10.21,0.54,8.04,2.02
2026-05-18,2000007,4000007,2025-04-18,2026-05-06,60,A,10,8417.99,168.36,0.60,1,69.22,1058.38,3790.48,7027.67,2026-05-18,AHORROS,0,1,1,2025-06-30,172.44,7.40,400.54,0.57,18.04,8.96
2026-05-18,2000008,4000008,2018-01-24,2026-04-17,48,A,20,11923.57,238.47,1.00,1,50.13,897.24,3062.23,10354.82,2026-05-18,AHORROS,0,0,1,2025-06-24,777.71,902.13,640.95,0.59,4.58,23.47
2026-05-18,2000009,4000009,2023-07-22,2026-03-26,69,A,1,20197.19,403.94,1.00,1,156.18,839.45,8796.23,4501.55,2026-05-18,AHORROS,1,1,1,2025-01-13,726.74,2132.11,57.51,0.78,163.77,73.11
2026-05-18,2000010,4000010,2022-02-27,2026-04-18,5,A,10,19700.84,394.02,1.00,1,40.77,862.26,7643.22,16742.29,2026-05-18,EL CENTAVITO,1,0,1,2025-07-31,664.79,1158.92,423.93,0.87,133.87,34.84
2026-05-18,2000011,4000011,2025-01-08,2026-05-10,20,A,20,12237.24,244.74,1.50,1,94.86,1245.70,9020.84,4799.23,2026-05-18,AHORROS,1,1,1,2026-02-04,841.68,2017.06,624.46,0.83,13.62,24.99
2026-05-18,2000012,4000012,2018-08-09,2026-03-26,69,A,1,6518.99,130.38,1.00,1,17.15,1198.88,2878.79,7444.78,2026-05-18,EL CENTAVITO,1,1,1,2025-10-22,514.37,2372.29,358.29,0.29,7.10,1.69
2026-05-18,2000013,4000013,2020-08-30,2026-04-24,5,A,1,15904.30,318.09,2.00,1,15.95,93.33,3201.72,7773.45,2026-05-18,CUENTA BASICA,0,1,1,2025-09-08,711.44,2348.73,433.67,0.62,45.16,17.05
2026-05-18,2000014,4000014,2019-12-27,2026-04-20,41,A,10,13218.31,264.37,0.60,1,16.13,812.75,3852.07,3416.83,2026-05-18,AHORROS,1,1,1,2026-05-12,272.67,1778.88,617.17,0.28,4.93,1.68
2026-05-18,2000015,4000015,2020-01-28,2026-04-16,69,A,1,8846.43,176.93,2.00,1,11.37,254.47,7524.78,7791.25,2026-05-18,CUENTA BASICA,0,0,1,2025-06-18,234.15,1502.68,307.73,0.01,12.54,2.37
2026-05-18,2000016,4000016,2022-10-01,2026-05-07,20,A,10,19305.28,386.11,2.00,1,58.18,985.31,12568.79,15626.48,2026-05-18,AHORROS,0,0,1,2026-01-10,352.19,546.80,1179.51,0.73,13.72,43.51
2026-05-18,2000017,4000017,2026-02-28,2026-03-06,69,A,1,13156.85,263.14,1.00,1,74.01,115.65,10367.61,8967.17,2026-05-18,CUENTA BASICA,1,1,1,2025-07-06,781.30,984.39,1137.58,2.17,267.48,45.93
2026-05-18,2000018,4000018,2020-02-29,2026-04-22,48,A,1,4105.55,82.11,1.50,1,93.81,1207.79,3601.94,2636.99,2026-05-18,AHORROS,1,1,1,2026-04-28,182.64,135.56,436.31,0.08,101.71,3.28
2026-05-18,2000019,4000019,2020-06-07,2026-03-04,60,A,20,6273.61,125.47,1.50,1,84.99,609.53,5395.82,5157.72,2026-05-18,EL CENTAVITO,1,1,1,2025-05-19,360.74,396.91,458.33,1.87,149.23,29.27
2026-05-18,2000020,4000020,2025-03-01,2026-04-06,69,A,1,3239.13,64.78,1.00,1,111.17,60.19,2630.70,1549.60,2026-05-18,AHORROS,1,1,1,2025-05-10,511.45,1912.12,126.66,0.38,114.74,4.07
2026-05-18,2000021,4000021,2023-09-15,2026-03-29,69,A,10,11705.33,234.11,2.00,1,33.48,1245.17,6345.88,9122.73,2026-05-18,AHORROS,1,0,1,2025-12-06,175.95,1234.11,304.12,2.85,15.53,76.11
2026-05-18,2000022,4000022,2023-11-20,2026-04-29,69,A,20,8057.44,161.15,0.60,1,49.75,421.84,4866.89,2729.98,2026-05-18,CUENTA BASICA,0,1,1,2025-07-18,323.75,1805.26,359.57,1.76,10.43,38.09
2026-05-18,2000023,4000023,2022-01-26,2026-05-03,69,A,10,9413.43,188.27,1.00,1,0.16,1244.39,5322.10,5368.67,2026-05-18,CUENTA BASICA,0,1,1,2025-05-26,365.48,946.49,753.27,2.00,225.01,21.99
2026-05-18,2000024,4000024,2019-01-16,2026-03-28,20,A,1,18337.77,366.76,2.00,1,9.05,1145.04,14250.97,21074.16,2026-05-18,CUENTA BASICA,0,1,1,2025-12-09,862.06,925.74,758.61,0.11,0.61,12.45
2026-05-18,2000025,4000025,2020-06-11,2026-03-09,5,A,10,8383.53,167.67,1.50,1,23.79,418.44,6244.93,7267.09,2026-05-18,EL CENTAVITO,1,1,1,2025-06-17,603.22,1865.73,981.27,0.41,23.00,0.52
2026-05-18,2000026,4000026,2020-09-18,2026-05-01,60,A,10,11441.94,228.84,2.00,1,114.67,39.71,8854.52,4585.33,2026-05-18,AHORROS,0,1,1,2026-04-27,548.18,1741.67,1071.88,1.03,72.75,33.74
2026-05-18,2000027,4000027,2022-06-09,2026-03-30,20,A,10,11611.53,232.23,1.00,1,42.79,656.94,2587.16,5738.60,2026-05-18,AHORROS,0,1,1,2025-07-10,158.31,390.46,724.27,0.24,38.72,9.29
2026-05-18,2000028,4000028,2021-07-03,2026-04-19,48,A,10,6194.37,123.89,0.60,1,72.55,1083.78,3457.49,6854.65,2026-05-18,AHORROS,1,0,1,2025-01-01,102.52,1612.57,464.09,0.66,111.41,6.60
2026-05-18,2000029,4000029,2019-01-15,2026-03-26,20,I,10,15002.74,300.05,0.60,1,307.38,31.05,4244.27,14674.85,2026-05-18,EL CENTAVITO,1,0,1,2025-09-21,352.71,1398.78,228.65,1.89,90.82,40.34
2026-05-18,2000030,4000030,2018-07-27,2026-04-17,20,A,10,21999.83,440.00,1.50,1,0.15,1037.22,12459.38,13296.30,2026-05-18,EL CENTAVITO,0,0,1,2026-03-12,517.29,1268.31,546.81,0.50,9.13,14.95
2026-05-18,2000031,4000031,2022-07-29,2026-03-10,41,A,20,4417.46,88.35,1.00,1,0.02,350.76,2458.89,4097.99,2026-05-18,AHORROS,0,0,1,2025-01-21,104.22,277.23,1196.95,0.01,1.97,0.22
2026-05-18,2000032,4000032,2020-10-09,2026-05-15,69,A,20,15672.90,313.46,0.60,1,50.00,96.01,7295.15,11194.14,2026-05-18,AHORROS,0,1,1,2025-12-30,132.78,734.17,104.66,0.37,29.54,11.29
2026-05-18,2000033,4000033,2024-08-01,2026-03-27,41,A,10,5309.99,106.20,1.50,1,155.50,445.83,1329.82,2921.02,2026-05-18,EL CENTAVITO,1,0,1,2025-03-15,364.32,1992.91,538.42,0.20,46.72,19.47
2026-05-18,2000034,4000034,2020-04-24,2026-05-06,48,A,1,8815.01,176.30,2.00,1,159.02,66.05,5691.12,5746.83,2026-05-18,EL CENTAVITO,0,1,1,2025-03-27,344.80,1506.89,881.38,2.06,125.80,20.30
2026-05-18,2000035,4000035,2023-09-01,2026-03-22,60,A,20,4033.34,80.67,1.00,1,138.05,1490.87,2492.26,4490.04,2026-05-18,AHORROS,1,0,1,2025-03-16,542.93,1586.78,471.45,2.59,286.51,64.50
2026-05-18,2000036,4000036,2023-02-28,2026-03-09,48,A,1,11734.27,234.69,0.60,1,34.76,1474.54,3428.08,9307.96,2026-05-18,CUENTA BASICA,0,1,1,2025-04-11,389.34,89.86,1124.39,0.55,27.71,15.31
2026-05-18,2000037,4000037,2023-02-16,2026-03-12,5,A,10,16188.25,323.77,1.00,1,6.32,648.12,2818.03,5139.19,2026-05-18,CUENTA BASICA,1,0,1,2025-10-19,465.12,688.83,152.62,0.26,109.87,51.79
2026-05-18,2000038,4000038,2022-07-11,2026-04-05,41,I,20,10023.98,200.48,1.00,1,37.13,1159.76,1691.65,8842.23,2026-05-18,CUENTA BASICA,0,1,1,2025-01-04,162.99,2275.15,10.68,0.26,19.31,17.84
2026-05-18,2000039,4000039,2022-11-27,2026-03-23,20,I,1,20974.78,419.50,1.50,1,124.99,511.85,16378.56,22135.74,2026-05-18,CUENTA BASICA,0,0,1,2026-01-28,515.25,1290.53,631.04,0.69,235.08,6.85
2026-05-18,2000040,4000040,2022-01-21,2026-05-02,69,A,10,6306.34,126.13,2.00,1,72.45,86.24,3040.28,3610.27,2026-05-18,EL CENTAVITO,0,0,1,2025-01-24,803.03,1275.64,527.35,0.98,74.36,14.49
2026-05-18,2000041,4000041,2018-04-03,2026-03-22,69,A,1,20891.61,417.83,1.50,1,55.25,1331.21,16424.24,12998.14,2026-05-18,EL CENTAVITO,1,0,1,2025-03-31,59.39,547.90,693.50,0.29,36.00,31.32
2026-05-18,2000042,4000042,2021-07-12,2026-04-09,69,A,1,20574.73,411.49,1.50,1,317.42,168.95,17838.69,12361.11,2026-05-18,CUENTA BASICA,1,0,1,2025-05-07,567.00,532.42,181.17,2.09,247.88,79.48
2026-05-18,2000043,4000043,2025-03-11,2026-04-18,60,A,10,11850.03,237.00,1.50,1,39.26,581.48,4855.96,5641.85,2026-05-18,EL CENTAVITO,0,0,1,2026-02-12,12.95,1617.32,344.63,0.16,195.02,37.70
2026-05-18,2000044,4000044,2020-06-09,2026-03-07,69,A,10,14094.97,281.90,2.00,1,131.67,113.74,3582.71,10489.24,2026-05-18,CUENTA BASICA,0,0,1,2025-02-28,756.41,105.77,456.85,0.72,223.25,0.93
2026-05-18,2000045,4000045,2025-11-29,2026-03-06,69,A,10,11935.09,238.70,1.00,1,134.76,8.35,5023.02,9113.08,2026-05-18,EL CENTAVITO,1,1,1,2026-05-15,733.93,685.89,912.94,0.86,182.40,47.78
2026-05-18,2000046,4000046,2025-05-18,2026-03-20,48,A,10,18667.96,373.36,2.00,1,24.97,581.66,3053.50,7787.54,2026-05-18,AHORROS,0,0,1,2026-05-01,674.08,2292.43,740.01,0.24,39.26,21.47
2026-05-18,2000047,4000047,2022-01-07,2026-04-02,69,A,1,18718.97,374.38,0.60,1,21.26,407.03,12301.00,4221.31,2026-05-18,EL CENTAVITO,1,0,1,2025-02-21,788.21,1951.12,220.10,0.30,69.94,7.38
2026-05-18,2000048,4000048,2022-11-24,2026-03-15,5,A,10,16514.20,330.28,2.00,1,213.38,1168.59,3866.52,6412.58,2026-05-18,AHORROS,1,1,1,2025-07-02,771.30,617.96,877.97,1.41,43.43,33.01
2026-05-18,2000049,4000049,2020-09-15,2026-04-28,69,A,10,19644.93,392.90,1.00,1,231.09,549.71,6033.39,21577.74,2026-05-18,AHORROS,0,1,1,2025-07-25,535.91,66.86,395.15,2.41,284.48,6.35
2026-05-18,2000050,4000050,2025-10-06,2026-04-29,60,A,20,7226.81,144.54,1.50,1,123.93,1553.24,2415.54,5094.93,2026-05-18,CUENTA BASICA,0,1,1,2026-04-01,449.27,1237.04,916.66,1.34,39.81,7.77
2026-05-18,2000051,4000051,2021-05-20,2026-03-14,5,A,1,5065.03,101.30,0.60,1,193.82,645.62,3304.29,2547.75,2026-05-18,EL CENTAVITO,0,1,1,2026-01-05,606.95,853.59,704.72,0.23,60.48,44.25
2026-05-18,2000052,4000052,2021-07-21,2026-05-02,48,A,20,3600.40,72.01,0.60,1,167.00,524.44,639.77,3057.40,2026-05-18,CUENTA BASICA,1,1,1,2025-02-03,733.31,1949.23,129.50,2.81,319.35,77.67
2026-05-18,2000053,4000053,2026-01-31,2026-03-23,20,A,1,7372.27,147.45,1.50,1,35.29,488.01,5142.67,4796.61,2026-05-18,AHORROS,1,1,1,2025-06-27,825.98,1393.58,542.32,0.42,14.49,6.82
2026-05-18,2000054,4000054,2024-08-12,2026-05-02,5,A,20,13341.53,266.83,1.50,1,2.26,812.09,10201.34,8969.16,2026-05-18,AHORROS,1,0,1,2026-03-29,148.97,819.30,424.49,0.43,7.26,5.27
2026-05-18,2000055,4000055,2025-08-28,2026-05-07,48,A,1,19093.65,381.87,0.60,1,142.53,507.89,15022.68,19350.73,2026-05-18,AHORROS,0,0,1,2025-10-25,758.46,1983.86,1101.60,1.35,7.11,0.81
2026-05-18,2000056,4000056,2024-06-18,2026-04-21,69,A,20,5207.21,104.14,2.00,1,133.74,98.55,1376.02,5588.38,2026-05-18,AHORROS,0,0,1,2026-03-20,897.99,2308.98,749.16,0.90,9.31,28.82
2026-05-18,2000057,4000057,2022-06-28,2026-05-03,60,A,1,9170.62,183.41,0.60,1,67.47,722.95,2014.06,9480.61,2026-05-18,EL CENTAVITO,1,0,1,2025-07-25,546.28,2161.19,615.08,0.10,18.24,1.69
2026-05-18,2000058,4000058,2021-11-18,2026-04-04,69,A,10,3101.94,62.04,1.00,1,55.61,500.85,1064.10,1334.17,2026-05-18,CUENTA BASICA,0,1,1,2025-04-14,796.51,2339.01,771.91,0.53,55.78,13.35
2026-05-18,2000059,4000059,2018-01-14,2026-03-20,5,A,10,4740.40,94.81,1.00,1,31.41,1138.28,1408.99,2864.34,2026-05-18,AHORROS,0,1,1,2026-05-01,89.71,1109.61,690.45,0.30,8.12,7.15
2026-05-18,2000060,4000060,2019-09-21,2026-03-02,41,A,20,20339.53,406.79,1.50,1,141.58,383.37,12348.95,7707.24,2026-05-18,AHORROS,1,0,1,2025-01-09,454.48,646.66,951.76,1.88,194.47,2.77
2026-05-18,2000061,4000061,2020-02-12,2026-03-26,60,A,10,14237.87,284.76,2.00,1,53.92,1444.61,7071.13,5201.10,2026-05-18,EL CENTAVITO,0,1,1,2025-10-11,862.37,1263.76,23.38,0.61,28.38,7.19
2026-05-18,2000062,4000062,2023-05-10,2026-05-08,41,A,20,4330.22,86.60,1.50,1,200.96,1492.24,2032.62,1231.60,2026-05-18,AHORROS,0,1,1,2025-09-21,193.39,279.19,527.61,0.91,138.00,34.96
2026-05-18,2000063,4000063,2025-05-21,2026-04-08,41,A,1,12831.55,256.63,0.60,1,100.78,93.70,5320.65,12854.68,2026-05-18,AHORROS,1,0,1,2025-01-10,343.45,824.21,483.18,0.72,221.12,2.59
2026-05-18,2000064,4000064,2019-08-06,2026-04-22,48,A,1,10044.80,200.90,0.60,1,25.27,696.05,8898.08,5888.97,2026-05-18,EL CENTAVITO,1,0,1,2025-08-08,623.54,1544.19,728.02,0.28,104.55,34.43
2026-05-18,2000065,4000065,2018-01-25,2026-03-30,41,A,1,12527.52,250.55,1.50,1,35.89,784.00,6851.29,7957.62,2026-05-18,CUENTA BASICA,0,1,1,2025-09-07,264.48,2146.87,1047.33,0.03,12.06,10.49
2026-05-18,2000066,4000066,2023-10-16,2026-03-24,41,A,10,8083.45,161.67,1.00,1,226.08,1340.90,2383.01,1585.32,2026-05-18,EL CENTAVITO,1,1,1,2025-12-28,378.21,603.62,516.53,2.60,12.23,20.13
2026-05-18,2000067,4000067,2021-01-23,2026-04-24,20,A,20,18665.09,373.30,1.50,1,10.19,198.79,8884.54,3567.37,2026-05-18,AHORROS,1,0,1,2025-07-19,108.06,869.47,447.84,0.54,38.69,26.03
2026-05-18,2000068,4000068,2020-02-11,2026-04-23,60,A,10,4731.88,94.64,1.50,1,7.67,805.80,1941.85,4170.62,2026-05-18,CUENTA BASICA,0,1,1,2026-01-05,545.22,1088.84,261.80,0.14,10.32,9.89
2026-05-18,2000069,4000069,2024-05-10,2026-04-10,20,A,20,21909.71,438.19,2.00,1,177.76,191.25,17155.78,9452.09,2026-05-18,EL CENTAVITO,0,1,1,2025-05-19,341.80,2224.79,669.92,2.28,193.18,53.70
2026-05-18,2000070,4000070,2018-10-06,2026-03-31,5,A,10,21253.41,425.07,0.60,1,57.69,26.30,8569.03,4536.02,2026-05-18,AHORROS,1,0,1,2025-04-04,40.41,122.96,830.18,0.59,9.05,7.13
2026-05-18,2000071,4000071,2018-09-25,2026-05-16,69,A,1,16210.34,324.21,1.50,1,88.64,1571.39,7951.09,8636.48,2026-05-18,AHORROS,1,0,1,2025-12-08,512.90,1326.95,992.33,0.93,112.88,26.79
2026-05-18,2000072,4000072,2026-01-24,2026-05-12,69,A,1,11732.97,234.66,2.00,1,175.53,1345.45,6040.04,5417.64,2026-05-18,EL CENTAVITO,1,0,1,2025-07-06,213.90,1557.21,565.42,0.04,125.86,62.75
2026-05-18,2000073,4000073,2019-07-24,2026-03-08,41,A,1,5617.80,112.36,0.60,1,206.91,1329.54,2614.06,6182.38,2026-05-18,AHORROS,1,0,1,2025-05-24,146.16,1333.11,932.08,1.34,193.08,58.88
2026-05-18,2000074,4000074,2022-11-07,2026-04-13,69,A,10,2938.81,58.78,2.00,1,1.37,346.73,2525.21,606.17,2026-05-18,AHORROS,0,0,1,2025-10-25,498.73,496.75,72.99,0.02,5.75,0.74
2026-05-18,2000075,4000075,2023-08-10,2026-03-16,5,I,20,20390.87,407.82,1.50,1,128.61,1312.71,7732.65,5775.69,2026-05-18,EL CENTAVITO,0,0,1,2025-03-28,801.21,776.97,786.37,2.23,266.83,83.77
2026-05-18,2000076,4000076,2024-12-13,2026-04-15,60,A,20,8867.70,177.35,0.60,1,120.29,144.30,1411.29,2005.03,2026-05-18,AHORROS,0,0,1,2025-06-04,853.67,22.55,587.73,1.36,179.35,35.94
2026-05-18,2000077,4000077,2023-03-17,2026-04-30,48,A,10,7574.56,151.49,1.00,1,109.66,1031.24,3011.97,2405.78,2026-05-18,CUENTA BASICA,1,1,1,2025-10-25,526.03,352.37,1125.69,2.66,318.54,83.96
2026-05-18,2000078,4000078,2025-04-22,2026-03-05,48,I,20,15032.23,300.64,1.50,1,2.12,328.98,8607.66,15213.94,2026-05-18,EL CENTAVITO,1,0,1,2025-04-29,335.64,1431.55,196.87,0.00,2.18,1.92
2026-05-18,2000079,4000079,2021-07-21,2026-05-11,60,A,10,6230.75,124.62,0.60,1,171.58,1175.86,1652.17,5082.11,2026-05-18,EL CENTAVITO,0,1,1,2025-02-08,353.87,2011.04,1125.28,2.51,293.08,66.87
2026-05-18,2000080,4000080,2022-08-15,2026-04-08,5,A,10,14994.04,299.88,0.60,1,143.92,161.84,8576.10,15796.45,2026-05-18,CUENTA BASICA,0,1,1,2025-12-03,873.96,902.12,828.82,2.29,111.36,10.17
2026-05-18,2000081,4000081,2024-01-20,2026-05-04,69,A,1,12133.21,242.66,1.00,1,27.12,388.28,10876.71,10601.59,2026-05-18,AHORROS,1,1,1,2025-04-29,607.38,2007.20,332.24,0.67,73.02,6.03
2026-05-18,2000082,4000082,2020-04-17,2026-03-19,48,A,1,18201.17,364.02,2.00,1,110.30,1218.22,10427.24,20631.09,2026-05-18,EL CENTAVITO,0,0,1,2025-10-27,642.21,30.30,393.10,1.31,126.14,24.66
2026-05-18,2000083,4000083,2018-10-15,2026-03-04,69,A,10,7115.16,142.30,2.00,1,131.88,905.32,5694.72,3296.43,2026-05-18,AHORROS,1,0,1,2025-07-01,29.61,596.18,1073.12,2.50,296.55,25.04
2026-05-18,2000084,4000084,2019-08-05,2026-05-15,41,A,20,16055.63,321.11,2.00,1,75.40,1424.19,14443.23,16963.21,2026-05-18,CUENTA BASICA,0,1,1,2025-04-28,851.68,1840.35,68.55,1.87,213.83,24.37
2026-05-18,2000085,4000085,2025-08-14,2026-04-30,48,A,1,4127.42,82.55,1.00,1,226.36,1189.30,1375.13,2900.29,2026-05-18,AHORROS,0,0,1,2026-01-02,249.99,280.95,495.54,2.81,89.28,22.78
2026-05-18,2000086,4000086,2018-12-09,2026-03-24,60,A,20,11338.33,226.77,0.60,1,56.37,501.02,2149.77,8992.03,2026-05-18,EL CENTAVITO,0,0,1,2025-02-24,236.56,2080.85,555.87,0.83,50.17,7.89
2026-05-18,2000087,4000087,2025-11-11,2026-04-16,48,A,10,20666.95,413.34,1.50,1,120.71,902.65,12621.61,19371.12,2026-05-18,CUENTA BASICA,0,0,1,2025-08-04,688.10,866.33,813.00,1.77,98.69,14.54
2026-05-18,2000088,4000088,2022-08-27,2026-03-23,20,I,10,14736.50,294.73,2.00,1,1.81,1304.09,10160.92,6837.43,2026-05-18,AHORROS,1,1,1,2025-10-18,705.67,1121.72,160.31,0.05,6.33,3.43
2026-05-18,2000089,4000089,2019-01-30,2026-03-11,41,A,10,6055.10,121.10,1.50,1,302.75,1309.90,3044.50,3994.16,2026-05-18,AHORROS,0,0,1,2025-10-19,352.24,1257.71,743.20,3.16,17.35,22.10
2026-05-18,2000090,4000090,2023-03-27,2026-03-13,41,A,20,14527.73,290.55,2.00,1,24.91,957.71,3640.20,3537.64,2026-05-18,EL CENTAVITO,1,1,1,2025-03-28,646.03,818.05,97.37,0.62,107.96,17.32
2026-05-18,2000091,4000091,2025-07-16,2026-03-15,48,A,10,16161.62,323.23,1.00,1,7.44,42.67,6469.83,3306.60,2026-05-18,CUENTA BASICA,0,0,1,2026-02-17,624.43,2330.37,886.11,1.44,25.95,26.43
2026-05-18,2000092,4000092,2020-07-02,2026-03-31,48,A,1,21994.93,439.90,1.00,1,0.76,989.68,11046.83,21200.71,2026-05-18,CUENTA BASICA,1,1,1,2025-01-29,643.47,619.42,94.83,1.45,98.46,1.93
2026-05-18,2000093,4000093,2018-07-21,2026-04-08,20,A,10,11954.65,239.09,1.00,1,182.14,1573.85,8325.19,11416.90,2026-05-18,EL CENTAVITO,0,0,1,2025-09-24,446.22,2058.78,949.34,0.52,210.25,42.14
2026-05-18,2000094,4000094,2022-10-01,2026-05-07,20,A,20,14743.26,294.87,1.00,1,172.16,1134.72,7623.99,14817.32,2026-05-18,EL CENTAVITO,1,1,1,2025-08-05,20.77,1544.03,575.02,0.28,56.80,80.63
2026-05-18,2000095,4000095,2020-07-11,2026-03-14,5,A,1,7024.08,140.48,1.00,1,1.97,1586.96,4516.28,5619.74,2026-05-18,CUENTA BASICA,1,1,1,2025-02-14,808.92,485.19,523.91,0.20,25.64,3.98
2026-05-18,2000096,4000096,2022-09-15,2026-03-29,20,I,1,21167.62,423.35,2.00,1,135.99,502.29,5872.88,15636.86,2026-05-18,CUENTA BASICA,0,1,1,2025-06-23,162.15,597.93,1138.05,0.77,104.69,55.00
2026-05-18,2000097,4000097,2019-09-03,2026-05-01,48,A,10,19060.90,381.22,1.50,1,193.23,145.00,16295.92,9078.53,2026-05-18,CUENTA BASICA,1,1,1,2025-05-20,636.78,359.61,577.71,0.04,130.78,49.37
2026-05-18,2000098,4000098,2025-09-26,2026-04-05,60,A,20,13250.79,265.02,0.60,1,166.07,167.99,8813.44,5992.83,2026-05-18,CUENTA BASICA,0,0,1,2026-04-21,851.90,2263.12,348.36,0.66,276.16,27.40
2026-05-18,2000099,4000099,2019-07-30,2026-03-19,60,A,10,12328.97,246.58,2.00,1,15.87,516.82,8046.91,6759.57,2026-05-18,CUENTA BASICA,0,0,1,2025-12-13,432.36,193.01,852.07,0.15,54.27,1.49
2026-05-18,2000100,4000100,2018-11-11,2026-04-12,20,A,1,6094.56,121.89,1.00,1,8.38,1107.80,4923.11,2434.04,2026-05-18,AHORROS,0,1,1,2025-10-09,184.92,779.85,205.28,0.05,6.70,1.60
2026-05-18,2000101,4000101,2021-10-10,2026-04-04,20,A,10,5916.63,118.33,1.00,1,8.18,532.89,4413.84,1706.37,2026-05-18,CUENTA BASICA,1,0,1,2026-04-18,870.51,848.43,425.38,0.99,46.58,16.53
2026-05-18,2000102,4000102,2019-03-29,2026-04-20,5,A,10,10296.62,205.93,1.00,1,109.11,1096.27,5456.11,10987.50,2026-05-18,CUENTA BASICA,0,0,1,2025-11-30,312.68,1298.84,1027.14,1.08,103.48,28.45
2026-05-18,2000103,4000103,2021-01-17,2026-03-11,20,A,1,16261.71,325.23,1.00,1,170.70,1321.14,13079.67,6641.70,2026-05-18,CUENTA BASICA,1,0,1,2025-04-01,221.98,779.20,772.51,0.48,15.06,26.88
2026-05-18,2000104,4000104,2018-06-22,2026-04-24,41,A,20,9451.81,189.04,1.50,1,55.30,399.74,4728.39,8287.72,2026-05-18,AHORROS,0,1,1,2026-02-16,898.79,1137.94,842.07,0.58,18.97,8.28
2026-05-18,2000105,4000105,2019-08-14,2026-03-08,41,A,20,2710.54,54.21,0.60,1,70.42,699.52,1374.26,2465.58,2026-05-18,EL CENTAVITO,0,0,1,2025-05-08,710.62,1524.24,664.37,0.22,71.65,10.18
2026-05-18,2000106,4000106,2018-09-30,2026-03-07,48,A,20,17171.64,343.43,2.00,1,5.44,176.21,11379.81,6639.45,2026-05-18,CUENTA BASICA,1,0,1,2025-09-23,225.24,1275.71,727.86,0.09,4.44,2.25
2026-05-18,2000107,4000107,2024-11-20,2026-05-06,60,A,20,20984.66,419.69,1.50,1,14.01,996.59,8065.12,6121.60,2026-05-18,AHORROS,1,1,1,2025-12-27,512.01,815.99,322.81,0.00,23.79,2.91
2026-05-18,2000108,4000108,2022-03-03,2026-03-02,5,A,1,12277.88,245.56,1.00,1,2.76,1077.74,5180.31,11103.04,2026-05-18,AHORROS,0,1,1,2025-11-02,428.40,487.21,13.47,0.41,9.51,10.96
2026-05-18,2000109,4000109,2023-08-22,2026-03-06,41,A,1,17826.70,356.53,2.00,1,92.09,516.80,2888.80,11317.25,2026-05-18,AHORROS,1,1,1,2025-04-06,754.58,1889.91,859.48,0.23,25.52,0.74
2026-05-18,2000110,4000110,2019-04-03,2026-03-13,60,A,20,8611.93,172.24,1.00,1,195.89,345.28,6325.78,9581.56,2026-05-18,CUENTA BASICA,1,0,1,2025-11-24,656.02,767.48,1004.52,2.17,194.13,17.96
2026-05-18,2000111,4000111,2021-05-10,2026-05-05,48,A,1,14997.31,299.95,1.00,1,28.38,355.37,6546.49,6099.44,2026-05-18,AHORROS,0,0,1,2025-03-30,328.79,974.35,902.84,0.39,85.88,17.04
2026-05-18,2000112,4000112,2026-01-06,2026-04-01,5,A,10,18141.51,362.83,1.50,1,114.08,858.15,3991.76,20346.00,2026-05-18,CUENTA BASICA,0,1,1,2025-11-13,698.93,1276.67,252.22,3.01,26.19,15.48
2026-05-18,2000113,4000113,2023-07-24,2026-05-14,5,A,10,12823.22,256.46,1.00,1,140.32,664.23,2203.59,8420.95,2026-05-18,CUENTA BASICA,0,0,1,2025-07-22,748.04,1434.47,850.03,1.38,9.78,37.08
2026-05-18,2000114,4000114,2022-09-21,2026-03-28,60,A,20,16727.30,334.55,1.00,1,212.23,1298.39,10024.22,9754.41,2026-05-18,AHORROS,0,1,1,2026-01-20,238.70,1929.17,343.15,2.23,277.14,3.36
2026-05-18,2000115,4000115,2019-07-01,2026-03-26,20,A,10,21667.60,433.35,1.00,1,112.99,816.62,3502.21,15860.02,2026-05-18,AHORROS,0,0,1,2025-03-28,882.87,2220.63,1109.72,1.68,318.19,34.08
2026-05-18,2000116,4000116,2023-04-02,2026-03-14,20,A,1,7631.31,152.63,0.60,1,22.00,1357.88,6540.80,5846.84,2026-05-18,CUENTA BASICA,1,0,1,2025-11-13,89.58,1874.14,977.45,1.54,19.33,23.76
2026-05-18,2000117,4000117,2023-03-14,2026-05-08,41,A,20,8502.32,170.05,2.00,1,60.24,155.97,4434.16,9709.62,2026-05-18,EL CENTAVITO,1,1,1,2025-11-29,36.64,622.84,443.47,0.72,53.46,8.57
2026-05-18,2000118,4000118,2022-03-30,2026-03-16,60,I,20,4326.22,86.52,0.60,1,185.11,1438.93,1393.68,1078.24,2026-05-18,AHORROS,0,1,1,2026-04-25,247.88,1823.65,527.01,0.43,135.85,39.04
2026-05-18,2000119,4000119,2019-09-02,2026-03-05,48,A,1,7931.09,158.62,0.60,1,6.18,1120.03,3328.72,3422.37,2026-05-18,CUENTA BASICA,1,1,1,2025-11-05,277.43,850.40,325.96,0.12,1.41,1.72
2026-05-18,2000120,4000120,2019-02-23,2026-03-17,20,A,1,20600.76,412.02,0.60,1,169.70,4.34,17785.56,8433.07,2026-05-18,EL CENTAVITO,1,1,1,2026-03-14,321.97,871.11,429.61,1.85,72.67,41.99
2026-05-18,2000121,4000121,2021-04-10,2026-04-07,69,A,10,8811.47,176.23,1.50,1,101.37,274.78,5371.94,5293.49,2026-05-18,CUENTA BASICA,1,1,1,2025-09-26,356.87,376.81,770.83,1.15,42.73,30.45
2026-05-18,2000122,4000122,2019-07-28,2026-03-24,60,A,10,5331.50,106.63,0.60,1,7.66,397.71,1372.96,1249.26,2026-05-18,AHORROS,1,1,1,2026-01-27,594.76,365.03,627.23,0.22,23.47,2.72
2026-05-18,2000123,4000123,2026-02-27,2026-04-18,41,A,20,5331.13,106.62,1.50,1,18.22,302.79,1082.47,2301.51,2026-05-18,AHORROS,1,0,1,2025-10-15,383.02,1668.22,1040.04,1.41,147.40,50.02
2026-05-18,2000124,4000124,2019-03-19,2026-03-27,60,A,10,14991.26,299.83,2.00,1,141.00,617.70,2701.56,9385.25,2026-05-18,EL CENTAVITO,1,0,1,2025-08-17,548.39,1933.30,719.88,2.18,240.48,5.19
2026-05-18,2000125,4000125,2024-08-22,2026-04-23,20,A,1,18625.04,372.50,0.60,1,222.66,453.62,13731.50,17419.05,2026-05-18,AHORROS,0,1,1,2025-01-28,552.50,1036.69,352.81,1.20,124.21,37.25
2026-05-18,2000126,4000126,2021-07-14,2026-04-09,48,A,10,15750.17,315.00,0.60,1,41.83,325.19,13935.65,10230.18,2026-05-18,EL CENTAVITO,1,0,1,2025-06-21,188.80,559.01,265.57,0.77,132.44,22.91
2026-05-18,2000127,4000127,2021-05-27,2026-04-27,69,A,20,7129.37,142.59,1.50,1,38.22,1000.99,3346.98,8161.81,2026-05-18,EL CENTAVITO,1,0,1,2026-01-21,184.13,1763.99,641.46,0.63,64.76,22.11
2026-05-18,2000128,4000128,2023-08-13,2026-03-30,60,A,1,6325.66,126.51,1.50,1,17.39,1423.70,958.02,2394.11,2026-05-18,CUENTA BASICA,0,1,1,2025-05-21,563.02,42.94,1161.45,0.36,55.77,47.59
2026-05-18,2000129,4000129,2021-10-07,2026-04-14,20,A,1,8522.32,170.45,1.00,1,52.66,280.86,2003.22,3393.22,2026-05-18,AHORROS,1,0,1,2026-02-02,242.69,520.14,81.08,0.23,15.91,0.94
2026-05-18,2000130,4000130,2025-03-21,2026-05-18,60,A,10,8116.20,162.32,1.50,1,9.73,807.84,2126.16,2292.76,2026-05-18,EL CENTAVITO,1,0,1,2025-10-27,841.19,2209.18,782.73,0.09,2.10,1.97
2026-05-18,2000131,4000131,2019-08-13,2026-05-17,48,A,1,21124.55,422.49,0.60,1,12.40,325.32,4626.60,12491.51,2026-05-18,AHORROS,0,1,1,2025-03-14,540.82,939.45,383.03,1.57,145.80,40.56
2026-05-18,2000132,4000132,2026-01-04,2026-04-08,48,A,10,9577.33,191.55,0.60,1,197.97,947.24,5618.48,10987.08,2026-05-18,CUENTA BASICA,1,1,1,2025-08-11,710.23,382.39,40.11,1.83,184.04,40.13
2026-05-18,2000133,4000133,2025-05-15,2026-05-03,41,A,10,6170.11,123.40,0.60,1,121.28,1373.22,2864.24,2311.09,2026-05-18,AHORROS,0,0,1,2025-11-08,500.63,2072.96,888.51,2.96,218.42,37.82
2026-05-18,2000134,4000134,2024-06-02,2026-03-17,5,A,1,3170.03,63.40,1.00,1,15.27,821.47,1649.40,2830.19,2026-05-18,EL CENTAVITO,1,0,1,2025-03-16,84.28,145.37,937.62,0.41,44.70,7.14
2026-05-18,2000135,4000135,2021-02-26,2026-05-17,41,A,10,10017.21,200.34,0.60,1,3.28,85.09,2715.70,8403.56,2026-05-18,AHORROS,1,0,1,2025-01-29,722.03,167.78,866.97,0.60,45.18,22.42
2026-05-18,2000136,4000136,2022-04-05,2026-05-15,20,I,20,9447.07,188.94,1.00,1,146.09,266.39,6548.74,4809.98,2026-05-18,EL CENTAVITO,1,0,1,2025-04-18,473.41,704.01,1179.99,0.43,116.98,61.08
2026-05-18,2000137,4000137,2023-11-22,2026-03-27,20,A,20,9426.33,188.53,1.00,1,70.58,1164.40,3708.70,5210.25,2026-05-18,EL CENTAVITO,0,1,1,2025-05-14,735.35,42.97,132.58,2.56,160.62,31.05
2026-05-18,2000138,4000138,2022-02-22,2026-04-25,20,A,1,8137.33,162.75,2.00,1,42.41,1221.73,3121.27,4988.55,2026-05-18,AHORROS,0,0,1,2026-04-29,334.96,1363.88,196.77,0.25,43.09,11.51
2026-05-18,2000139,4000139,2022-01-23,2026-04-05,41,A,20,16522.93,330.46,1.50,1,52.97,1484.42,2537.23,9463.77,2026-05-18,AHORROS,0,1,1,2025-12-31,553.64,1772.46,1138.29,0.67,108.98,50.18
2026-05-18,2000140,4000140,2021-02-13,2026-03-28,5,A,20,17009.63,340.19,2.00,1,81.92,322.72,14079.89,6669.76,2026-05-18,CUENTA BASICA,0,0,1,2025-12-23,134.02,1752.35,821.76,1.57,226.00,14.91
2026-05-18,2000141,4000141,2018-04-18,2026-03-17,41,A,10,4923.94,98.48,1.00,1,68.02,91.40,1441.11,2658.29,2026-05-18,CUENTA BASICA,0,1,1,2025-01-23,404.89,1567.04,548.90,1.06,47.02,39.11
2026-05-18,2000142,4000142,2018-03-28,2026-04-01,20,A,20,15300.55,306.01,1.50,1,33.99,1381.07,4741.86,11265.12,2026-05-18,AHORROS,0,0,1,2026-03-15,759.06,149.50,876.97,0.52,49.39,5.28
2026-05-18,2000143,4000143,2023-06-15,2026-04-19,60,A,10,18752.59,375.05,2.00,1,52.45,1047.07,15631.69,13841.39,2026-05-18,AHORROS,1,0,1,2025-06-11,158.69,1727.45,439.30,0.50,18.61,8.36
2026-05-18,2000144,4000144,2021-09-17,2026-03-26,41,A,1,12150.67,243.01,1.50,1,159.97,1373.28,2017.55,9534.85,2026-05-18,AHORROS,0,0,1,2025-08-30,831.74,2181.74,609.37,0.43,137.79,36.32
2026-05-18,2000145,4000145,2023-11-15,2026-05-16,60,A,1,8202.65,164.05,1.00,1,206.68,1174.46,5483.33,3915.68,2026-05-18,EL CENTAVITO,0,0,1,2025-05-21,768.57,243.57,762.26,1.48,67.10,40.52
2026-05-18,2000146,4000146,2022-04-22,2026-05-10,48,A,20,3051.33,61.03,1.00,1,1.11,1492.61,466.27,1632.79,2026-05-18,AHORROS,0,0,1,2025-10-31,500.40,1977.90,847.17,0.03,2.45,0.43
2026-05-18,2000147,4000147,2024-04-20,2026-04-06,60,I,10,3950.70,79.01,1.00,1,223.62,1049.09,1521.43,3946.32,2026-05-18,CUENTA BASICA,0,0,1,2025-09-28,369.29,449.97,671.60,0.21,152.13,11.34
2026-05-18,2000148,4000148,2023-08-11,2026-04-17,69,A,1,19751.38,395.03,1.00,1,124.34,314.35,8249.33,11019.89,2026-05-18,EL CENTAVITO,0,1,1,2025-03-11,18.00,378.03,893.54,1.20,196.75,45.18
2026-05-18,2000149,4000149,2024-02-24,2026-03-09,41,A,10,3161.99,63.24,2.00,1,99.41,756.06,1899.09,2574.11,2026-05-18,EL CENTAVITO,0,0,1,2025-08-12,185.02,490.86,292.84,1.11,7.43,24.58
2026-05-18,2000150,4000150,2019-08-08,2026-04-10,5,A,1,9224.51,184.49,2.00,1,121.26,208.85,5682.70,8732.63,2026-05-18,EL CENTAVITO,1,1,1,2026-02-08,851.67,158.21,873.07,2.56,167.38,5.16
2026-05-18,2000151,4000151,2019-11-20,2026-03-19,60,A,1,21363.85,427.28,2.00,1,80.24,1219.23,7691.03,6186.46,2026-05-18,AHORROS,1,0,1,2025-06-08,122.22,364.98,1101.85,3.02,124.81,4.94
2026-05-18,2000152,4000152,2019-07-06,2026-05-01,41,A,10,8890.77,177.82,1.50,1,5.68,1215.16,4933.88,8461.48,2026-05-18,EL CENTAVITO,0,1,1,2025-10-08,46.05,1791.58,374.61,0.01,5.39,6.46
2026-05-18,2000153,4000153,2020-10-04,2026-04-07,41,A,1,17555.83,351.12,0.60,1,259.17,470.72,8490.77,7364.98,2026-05-18,AHORROS,0,0,1,2026-04-29,436.83,1240.55,1199.04,0.75,118.62,63.31
2026-05-18,2000154,4000154,2018-08-17,2026-05-04,20,A,1,20319.16,406.38,2.00,1,29.19,1445.00,3638.22,9148.09,2026-05-18,AHORROS,1,1,1,2026-05-12,671.09,1076.00,705.00,0.19,94.38,24.63
2026-05-18,2000155,4000155,2024-06-09,2026-04-07,5,A,1,9629.90,192.60,2.00,1,42.69,1323.47,2786.32,8983.70,2026-05-18,CUENTA BASICA,1,0,1,2026-04-02,279.14,1673.99,530.88,1.69,17.04,53.13
2026-05-18,2000156,4000156,2020-07-26,2026-04-04,69,A,1,15258.01,305.16,0.60,1,29.16,754.77,12265.05,8282.43,2026-05-18,AHORROS,1,0,1,2026-02-04,743.59,1259.20,645.59,1.49,24.54,31.29
2026-05-18,2000157,4000157,2018-02-18,2026-03-29,20,A,20,4507.51,90.15,0.60,1,48.84,940.08,3743.29,4266.49,2026-05-18,AHORROS,0,1,1,2026-03-20,358.61,1291.03,1053.67,0.49,48.62,4.87
2026-05-18,2000158,4000158,2020-10-01,2026-04-24,41,A,10,10007.96,200.16,2.00,1,129.36,79.94,4663.60,7246.09,2026-05-18,AHORROS,0,0,1,2026-04-28,480.75,1334.16,625.83,1.50,168.65,31.08
2026-05-18,2000159,4000159,2018-06-01,2026-04-11,48,A,20,6499.64,129.99,0.60,1,177.61,583.96,2169.99,6614.83,2026-05-18,AHORROS,1,1,1,2026-04-02,61.28,2087.09,802.54,2.32,19.33,11.24
2026-05-18,2000160,4000160,2019-07-20,2026-04-12,20,A,1,16534.43,330.69,0.60,1,36.36,60.78,11591.41,8701.79,2026-05-18,CUENTA BASICA,0,0,1,2026-01-12,13.89,1444.50,893.34,0.36,16.29,8.06
2026-05-18,2000161,4000161,2019-09-23,2026-04-25,48,A,20,9696.86,193.94,0.60,1,52.99,911.05,4286.56,10751.75,2026-05-18,AHORROS,0,0,1,2025-01-15,148.26,1126.89,230.93,1.03,24.08,51.53
2026-05-18,2000162,4000162,2020-06-15,2026-04-15,69,A,1,17649.82,353.00,0.60,1,232.64,529.03,8747.40,7594.52,2026-05-18,AHORROS,1,0,1,2025-12-08,324.69,1964.04,1100.77,1.54,218.21,37.45
2026-05-18,2000163,4000163,2020-05-01,2026-03-05,69,A,20,21759.22,435.18,1.00,1,16.06,871.64,18150.40,22835.64,2026-05-18,AHORROS,1,1,1,2025-05-13,427.43,50.13,296.02,0.05,10.24,0.66
2026-05-18,2000164,4000164,2020-05-29,2026-05-13,41,A,1,6140.76,122.82,1.00,1,1.58,247.14,1416.21,3197.56,2026-05-18,EL CENTAVITO,1,0,1,2026-03-31,77.13,1954.71,688.31,0.25,19.00,4.42
2026-05-18,2000165,4000165,2019-05-05,2026-05-12,69,A,20,16586.22,331.72,1.00,1,64.99,158.19,3474.84,8894.85,2026-05-18,EL CENTAVITO,0,0,1,2025-07-27,59.07,526.06,836.79,0.67,60.64,7.94
2026-05-18,2000166,4000166,2018-03-29,2026-04-05,48,I,1,9619.02,192.38,2.00,1,51.93,1173.78,5279.18,5763.87,2026-05-18,EL CENTAVITO,0,1,1,2026-04-08,188.70,939.09,214.18,0.73,90.65,10.20
2026-05-18,2000167,4000167,2025-08-08,2026-03-27,48,A,10,7743.25,154.87,1.00,1,3.52,105.30,6450.64,3870.16,2026-05-18,EL CENTAVITO,0,0,1,2025-11-28,261.94,1311.18,411.89,0.07,18.17,3.28
2026-05-18,2000168,4000168,2022-02-16,2026-05-18,48,A,10,4694.82,93.90,1.50,1,50.59,1279.79,3297.90,4107.98,2026-05-18,EL CENTAVITO,0,1,1,2025-09-20,668.62,2194.16,725.45,0.95,70.92,22.82
2026-05-18,2000169,4000169,2023-07-17,2026-04-03,5,A,1,8957.94,179.16,1.00,1,44.54,167.48,6093.46,6289.52,2026-05-18,AHORROS,0,0,1,2026-02-18,267.67,715.57,25.37,0.63,39.74,7.65
2026-05-18,2000170,4000170,2022-01-14,2026-03-20,20,A,20,13030.03,260.60,2.00,1,64.01,248.67,7975.87,7708.80,2026-05-18,EL CENTAVITO,1,0,1,2026-04-12,192.09,268.69,472.99,2.35,262.15,12.57
2026-05-18,2000171,4000171,2024-07-16,2026-03-29,20,A,20,18289.30,365.79,1.00,1,17.74,1280.23,4946.62,13136.52,2026-05-18,EL CENTAVITO,0,0,1,2026-02-17,248.89,2336.15,623.63,0.21,29.15,12.49
2026-05-18,2000172,4000172,2023-02-13,2026-03-03,5,A,20,12263.63,245.27,1.00,1,171.83,1169.21,4296.50,11310.06,2026-05-18,AHORROS,1,0,1,2025-09-08,351.93,1042.52,623.93,0.82,94.19,16.49
2026-05-18,2000173,4000173,2023-02-06,2026-05-06,48,A,20,15533.35,310.67,1.00,1,74.60,1467.25,6781.94,8648.67,2026-05-18,CUENTA BASICA,1,0,1,2026-03-09,827.97,1550.94,929.72,3.46,214.28,11.56
2026-05-18,2000174,4000174,2018-11-21,2026-05-11,60,A,20,20304.24,406.08,1.50,1,13.93,473.67,7678.61,8375.74,2026-05-18,CUENTA BASICA,0,1,1,2026-03-31,0.10,768.81,983.17,0.05,21.69,3.24
2026-05-18,2000175,4000175,2025-08-30,2026-03-30,48,A,20,3048.44,60.97,0.60,1,21.86,1233.77,1859.29,2321.95,2026-05-18,EL CENTAVITO,1,0,1,2025-05-13,323.69,913.47,276.83,0.26,4.99,6.27
2026-05-18,2000176,4000176,2019-10-22,2026-03-24,20,A,1,9632.57,192.65,1.00,1,120.22,34.68,5340.24,1931.38,2026-05-18,EL CENTAVITO,0,0,1,2026-03-12,448.50,2185.25,53.35,2.01,138.21,18.59
2026-05-18,2000177,4000177,2023-06-21,2026-03-11,60,A,1,8581.25,171.63,1.00,1,68.79,690.47,1814.63,4824.15,2026-05-18,CUENTA BASICA,0,1,1,2025-04-02,721.92,915.51,878.87,1.24,217.17,12.19
2026-05-18,2000178,4000178,2021-10-28,2026-03-26,48,I,20,21513.37,430.27,2.00,1,42.04,439.99,18320.62,8937.12,2026-05-18,CUENTA BASICA,1,1,1,2025-06-16,122.99,28.72,677.10,0.22,2.20,7.37
2026-05-18,2000179,4000179,2019-07-24,2026-05-15,48,A,10,11939.30,238.79,1.50,1,38.88,958.20,8401.21,4857.52,2026-05-18,AHORROS,0,1,1,2026-04-20,207.09,2028.79,639.49,0.36,47.66,18.37
2026-05-18,2000180,4000180,2025-01-17,2026-04-03,5,A,1,12444.59,248.89,1.00,1,267.90,1512.16,10544.80,13139.94,2026-05-18,CUENTA BASICA,1,0,1,2025-04-09,89.14,1526.90,145.97,1.05,303.06,34.78
2026-05-18,2000181,4000181,2026-04-21,2026-04-12,48,A,20,6480.64,129.61,1.50,1,150.14,44.95,1752.30,3771.93,2026-05-18,EL CENTAVITO,0,0,1,2026-01-20,370.62,273.63,633.81,2.01,196.13,16.17
2026-05-18,2000182,4000182,2021-05-12,2026-03-19,5,A,10,17600.91,352.02,1.00,1,18.88,360.27,5423.73,6166.99,2026-05-18,EL CENTAVITO,1,1,1,2025-01-01,12.06,1440.74,589.23,1.22,150.14,40.34
2026-05-18,2000183,4000183,2023-11-30,2026-05-09,60,A,1,18964.38,379.29,2.00,1,64.34,757.60,15870.68,9189.88,2026-05-18,AHORROS,0,0,1,2025-02-19,268.46,224.46,852.74,0.81,31.01,15.03
2026-05-18,2000184,4000184,2020-03-31,2026-03-16,20,A,20,21841.67,436.83,0.60,1,2.02,1422.58,10847.59,21427.19,2026-05-18,AHORROS,1,0,1,2025-09-29,594.99,1212.32,1180.35,0.01,5.52,0.88
2026-05-18,2000185,4000185,2025-12-08,2026-05-06,5,A,1,21438.72,428.77,1.50,1,167.53,411.56,6333.38,13684.30,2026-05-18,AHORROS,0,1,1,2025-12-19,369.86,899.46,873.44,2.10,302.04,16.03
2026-05-18,2000186,4000186,2018-10-21,2026-03-14,69,A,10,18517.23,370.34,1.00,1,63.72,1573.63,7189.37,5773.12,2026-05-18,EL CENTAVITO,1,1,1,2026-01-25,732.63,1209.75,37.09,0.66,37.72,37.07
2026-05-18,2000187,4000187,2020-04-15,2026-05-18,20,A,1,12922.59,258.45,0.60,1,117.54,263.75,4861.53,9243.01,2026-05-18,CUENTA BASICA,1,1,1,2025-04-13,14.59,629.03,9.09,1.31,72.77,10.74
2026-05-18,2000188,4000188,2021-04-08,2026-03-05,60,A,10,18903.58,378.07,1.50,1,220.07,56.89,14886.10,20726.70,2026-05-18,CUENTA BASICA,1,1,1,2026-05-18,611.55,883.66,91.66,2.64,294.85,81.61
2026-05-18,2000189,4000189,2019-03-03,2026-05-16,69,A,1,2576.84,51.54,1.00,1,162.25,839.47,1518.07,1642.27,2026-05-18,CUENTA BASICA,1,0,1,2026-04-30,876.80,2074.38,959.28,1.21,126.67,27.20
2026-05-18,2000190,4000190,2021-07-23,2026-04-14,20,I,1,754.60,43.75,1.00,1,19.35,658.99,186.01,940.99,2026-05-18,EL CENTAVITO,1,0,1,2026-02-03,871.65,1830.19,489.81,0.88,59.85,12.22
2026-05-18,2000191,4000191,2026-01-29,2026-04-15,41,A,20,16287.24,865.22,0.60,1,140.90,1289.87,8096.08,15377.01,2026-05-18,EL CENTAVITO,1,1,1,2025-08-20,382.90,1701.48,423.94,1.47,143.23,44.31
2026-05-18,2000192,4000192,2021-03-01,2026-03-06,48,A,10,711.34,106.71,2.00,1,11.16,710.69,457.96,521.19,2026-05-18,AHORROS,1,0,1,2025-01-22,876.18,204.14,1063.92,0.43,1.62,6.55
2026-05-18,2000193,4000193,2023-01-19,2026-04-18,69,A,20,698.94,106.00,1.50,1,298.44,105.36,195.38,419.54,2026-05-18,CUENTA BASICA,0,1,1,2025-12-22,27.28,2152.16,930.22,2.52,39.97,64.56
2026-05-18,2000194,4000194,2018-11-15,2026-03-17,41,A,10,1866.86,209.31,0.60,1,10.62,886.02,910.87,1626.40,2026-05-18,EL CENTAVITO,0,1,1,2026-01-10,29.80,2352.35,112.38,0.98,181.60,10.25
2026-05-18,2000195,4000195,2019-07-14,2026-03-20,41,A,20,219.31,26.04,0.60,1,54.06,238.53,124.50,198.84,2026-05-18,CUENTA BASICA,1,1,1,2025-10-21,618.91,2297.36,279.31,1.99,122.64,24.56
2026-05-18,2000196,4000196,2025-05-19,2026-03-19,48,A,20,409.43,37.22,2.00,1,51.59,629.22,62.20,185.72,2026-05-18,EL CENTAVITO,1,1,1,2025-12-21,640.94,1355.98,642.19,1.76,14.87,55.80
2026-05-18,2000197,4000197,2024-08-20,2026-05-11,69,A,10,606.82,89.78,0.60,1,17.06,1009.77,285.27,621.84,2026-05-18,EL CENTAVITO,1,1,1,2026-03-22,612.07,1894.77,49.88,1.79,141.94,37.46
2026-05-18,2000198,4000198,2019-12-22,2026-04-20,60,A,20,5495.50,813.78,1.00,1,42.14,699.74,2600.47,4801.83,2026-05-18,CUENTA BASICA,1,0,1,2026-01-12,739.98,619.54,1072.43,0.15,31.41,10.34
2026-05-18,2000199,4000199,2024-11-14,2026-03-20,69,I,1,359.99,31.28,1.00,1,54.32,954.30,69.73,276.71,2026-05-18,AHORROS,1,1,1,2025-05-23,517.23,1906.03,1035.98,1.35,127.83,0.99
2026-05-18,2000200,4000200,2025-08-20,2026-04-25,5,A,1,16384.78,2773.75,1.50,1,229.50,887.40,4605.51,5367.89,2026-05-18,AHORROS,1,1,1,2025-09-22,501.94,1213.57,9.21,0.04,212.69,23.92
2026-05-18,2000201,4000201,2021-01-26,2026-05-15,20,I,10,15072.40,2485.97,1.00,1,156.53,1333.82,4531.63,10617.00,2026-05-18,AHORROS,1,1,1,2025-07-01,442.97,1329.98,1012.01,1.57,108.20,38.16
2026-05-18,2000202,4000202,2025-04-25,2026-04-03,60,A,10,12567.13,1399.46,0.60,1,235.50,561.22,2647.84,8522.90,2026-05-18,CUENTA BASICA,0,1,1,2025-12-22,349.73,2236.69,977.00,1.04,237.13,44.19
2026-05-18,2000203,4000203,2025-10-21,2026-04-19,5,A,1,689.52,50.10,1.50,1,33.65,1452.54,230.37,451.59,2026-05-18,EL CENTAVITO,0,1,1,2026-01-02,452.89,826.53,42.64,1.54,10.22,25.91
2026-05-18,2000204,4000204,2018-05-23,2026-04-08,41,A,20,18580.11,2026.18,1.00,1,2.37,193.20,10390.89,20908.29,2026-05-18,AHORROS,1,1,1,2025-01-10,371.28,965.45,610.00,0.01,1.87,0.06
2026-05-18,2000205,4000205,2025-05-26,2026-04-01,5,A,10,3594.96,474.70,2.00,1,1.55,75.72,1018.71,2421.79,2026-05-18,AHORROS,0,0,1,2025-08-04,455.55,362.14,952.32,0.01,0.70,0.47
2026-05-18,2000206,4000206,2023-05-18,2026-03-06,60,A,20,17946.16,369.38,0.60,1,244.07,1305.97,10218.70,11693.83,2026-05-18,AHORROS,1,0,1,2026-01-26,534.55,1333.64,552.19,1.94,266.01,40.32
2026-05-18,2000207,4000207,2023-06-08,2026-03-30,69,A,10,5286.29,774.31,0.60,1,67.49,919.05,3903.20,4638.78,2026-05-18,CUENTA BASICA,1,1,1,2025-03-21,757.80,493.19,1104.31,0.77,78.84,29.37
2026-05-18,2000208,4000208,2018-05-02,2026-03-02,5,A,10,2651.00,441.10,1.50,1,51.73,864.37,1578.32,1697.70,2026-05-18,AHORROS,0,0,1,2025-08-01,165.60,1606.85,446.91,0.09,5.07,5.49
2026-05-18,2000209,4000209,2018-10-30,2026-03-27,69,A,20,3422.06,181.76,2.00,1,245.23,1439.61,1163.31,2604.74,2026-05-18,EL CENTAVITO,1,1,1,2026-03-24,823.57,453.47,227.57,0.81,1.42,23.01
2026-05-18,2000210,4000210,2025-11-05,2026-04-04,41,A,10,5040.52,554.46,2.00,1,130.85,884.50,2874.31,2230.34,2026-05-18,CUENTA BASICA,1,1,1,2025-08-16,209.82,755.34,674.43,2.57,296.08,34.23
2026-05-18,2000211,4000211,2024-03-11,2026-03-14,41,I,10,515.18,32.13,1.50,1,68.91,1495.70,432.35,461.79,2026-05-18,EL CENTAVITO,1,1,1,2025-03-07,564.29,2072.63,82.70,0.15,38.63,13.86
2026-05-18,2000212,4000212,2022-10-27,2026-04-24,60,A,1,20558.94,2640.55,1.00,1,4.01,461.26,15737.17,23061.30,2026-05-18,CUENTA BASICA,1,1,1,2026-02-16,858.62,2361.02,994.90,0.03,11.95,13.21
2026-05-18,2000213,4000213,2019-08-15,2026-04-26,69,A,1,258.41,22.81,0.60,1,223.45,1279.85,125.59,174.67,2026-05-18,EL CENTAVITO,1,1,1,2025-05-14,629.08,1729.67,1028.82,3.15,32.17,80.87
2026-05-18,2000214,4000214,2021-08-19,2026-05-10,20,A,20,2404.69,417.56,1.50,1,271.53,1063.08,1803.87,1635.63,2026-05-18,EL CENTAVITO,0,1,1,2026-04-12,705.00,1678.03,1102.33,2.60,56.22,52.02
2026-05-18,2000215,4000215,2022-05-08,2026-04-02,20,A,1,733.72,112.86,0.60,1,9.05,1219.77,459.84,712.79,2026-05-18,CUENTA BASICA,0,0,1,2026-03-14,451.38,2021.33,960.54,0.10,13.72,0.34
2026-05-18,2000216,4000216,2022-02-17,2026-04-29,69,A,1,15083.17,1297.23,1.50,1,262.64,971.50,3602.19,11768.45,2026-05-18,CUENTA BASICA,0,1,1,2025-02-13,699.68,1615.13,114.42,1.61,274.33,63.06
2026-05-18,2000217,4000217,2020-03-13,2026-03-13,48,I,10,693.61,59.81,1.50,1,63.65,750.24,395.14,847.54,2026-05-18,EL CENTAVITO,0,1,1,2025-01-30,339.98,2249.96,1166.93,0.17,106.44,64.09
2026-05-18,2000218,4000218,2020-10-23,2026-04-03,20,A,1,19843.51,2170.90,1.50,1,83.62,846.02,7969.94,13901.43,2026-05-18,CUENTA BASICA,1,0,1,2026-05-08,810.74,1503.60,880.82,1.70,151.25,27.82
2026-05-18,2000219,4000219,2020-06-20,2026-03-02,60,A,20,704.99,92.43,0.60,1,18.93,1578.80,538.67,699.39,2026-05-18,CUENTA BASICA,0,1,1,2025-07-07,642.93,535.90,457.64,0.55,28.03,35.23
2026-05-18,2000220,4000220,2018-02-28,2026-04-01,48,A,20,239.14,31.76,2.00,1,10.22,760.24,146.89,206.62,2026-05-18,AHORROS,0,0,1,2026-01-10,651.85,439.30,685.80,0.13,25.23,13.03
2026-05-18,2000221,4000221,2022-01-20,2026-04-21,69,A,1,615.87,94.45,0.60,1,106.48,1457.62,255.86,179.23,2026-05-18,EL CENTAVITO,0,1,1,2025-01-20,814.17,1959.35,851.81,1.95,123.42,28.46
2026-05-18,2000222,4000222,2019-03-06,2026-04-15,69,I,20,15406.35,1411.80,2.00,1,126.18,777.99,5211.99,12015.48,2026-05-18,AHORROS,1,0,1,2026-03-20,565.20,1813.51,1037.84,1.61,11.10,39.46
2026-05-18,2000223,4000223,2018-11-01,2026-03-10,41,A,10,22571.86,1041.18,1.00,1,13.62,808.83,13875.72,28061.57,2026-05-18,CUENTA BASICA,1,1,1,2026-05-09,93.10,412.31,739.46,0.03,32.26,2.05
2026-05-18,2000224,4000224,2024-01-29,2026-03-18,20,I,10,4080.14,188.28,1.50,1,51.85,583.03,3420.36,2334.82,2026-05-18,CUENTA BASICA,1,0,1,2026-05-15,454.49,1112.48,589.45,2.08,138.60,27.42
2026-05-18,2000225,4000225,2022-07-06,2026-04-15,69,A,1,15396.76,1022.55,2.00,1,60.73,1464.84,3699.62,12493.60,2026-05-18,EL CENTAVITO,0,1,1,2025-09-26,885.92,840.40,339.94,0.03,88.67,3.92
2026-05-18,2000226,4000226,2018-09-21,2026-05-07,41,A,10,2106.45,239.76,1.00,1,132.94,1305.08,1339.94,1916.86,2026-05-18,EL CENTAVITO,1,0,1,2025-04-29,22.12,310.73,88.77,0.32,256.22,55.41
2026-05-18,2000227,4000227,2021-12-15,2026-03-27,41,A,20,14870.19,1016.58,2.00,1,135.37,1014.79,5634.28,11325.55,2026-05-18,EL CENTAVITO,1,0,1,2025-07-25,266.08,1547.66,986.94,0.14,102.37,28.19
2026-05-18,2000228,4000228,2023-08-08,2026-03-24,41,A,20,481.06,28.04,1.50,1,84.59,1468.62,248.32,389.65,2026-05-18,AHORROS,1,0,1,2025-04-13,655.52,1776.88,776.66,0.75,48.87,3.97
2026-05-18,2000229,4000229,2022-04-04,2026-03-23,5,A,10,2424.56,331.73,1.50,1,22.88,201.43,1024.41,2846.59,2026-05-18,AHORROS,1,1,1,2026-04-24,220.82,1842.24,1152.20,0.23,7.95,1.03
2026-05-18,2000230,4000230,2018-11-26,2026-04-03,5,A,20,22272.02,3562.00,1.00,1,26.60,202.24,5805.24,17492.88,2026-05-18,AHORROS,1,0,1,2025-10-28,629.22,1608.55,768.83,0.73,41.59,27.26
2026-05-18,2000231,4000231,2026-02-08,2026-03-23,5,I,20,177.96,16.07,1.00,1,82.09,854.26,56.22,180.17,2026-05-18,EL CENTAVITO,1,1,1,2025-09-11,30.51,2286.08,821.08,1.96,62.10,47.32
2026-05-18,2000232,4000232,2025-02-15,2026-03-26,41,A,1,3144.92,266.52,1.00,1,51.70,1410.18,986.97,1015.68,2026-05-18,AHORROS,1,1,1,2025-04-08,472.81,1571.36,177.76,1.93,46.97,35.55
2026-05-18,2000233,4000233,2026-02-16,2026-03-16,5,A,10,16389.22,1059.50,1.50,1,226.70,1191.18,7079.92,7651.72,2026-05-18,EL CENTAVITO,0,0,1,2025-04-19,552.30,264.76,165.00,0.66,237.87,69.39
2026-05-18,2000234,4000234,2019-03-14,2026-04-11,5,A,1,14661.44,2591.33,2.00,1,44.85,822.89,5063.52,12996.63,2026-05-18,AHORROS,0,1,1,2025-08-04,805.31,2088.96,960.02,0.52,21.76,6.22
2026-05-18,2000235,4000235,2020-03-18,2026-05-09,41,A,10,5060.75,708.12,1.00,1,12.26,36.03,3271.55,1432.13,2026-05-18,AHORROS,0,1,1,2025-05-05,356.47,526.83,81.38,0.16,3.41,26.99
2026-05-18,2000236,4000236,2022-09-06,2026-04-18,41,I,1,22561.02,3696.35,2.00,1,53.37,1126.60,9393.06,25115.54,2026-05-18,EL CENTAVITO,0,0,1,2025-07-06,875.41,2300.28,54.38,0.19,22.60,8.90
2026-05-18,2000237,4000237,2022-04-10,2026-04-16,5,I,20,14090.33,320.86,2.00,1,62.04,681.23,7270.85,7666.28,2026-05-18,EL CENTAVITO,1,0,1,2025-04-13,893.72,2024.05,297.34,0.57,60.67,5.75
2026-05-18,2000238,4000238,2020-02-22,2026-04-14,48,A,1,2104.05,297.53,0.60,1,2.56,1078.61,571.70,1308.98,2026-05-18,AHORROS,0,0,1,2025-10-16,148.85,1553.25,806.06,2.47,63.12,2.56
2026-05-18,2000239,4000239,2019-01-27,2026-05-09,41,A,1,147.42,21.40,0.60,1,235.61,808.11,106.81,91.90,2026-05-18,AHORROS,0,1,1,2025-10-30,643.38,896.26,640.07,0.44,264.19,68.98
2026-05-18,2000240,4000240,2022-08-07,2026-05-02,60,A,1,23267.80,3390.72,1.50,1,169.22,1098.19,6664.27,25597.82,2026-05-18,EL CENTAVITO,0,1,1,2025-04-28,543.75,1594.63,239.42,1.20,113.06,38.97
2026-05-18,2000241,4000241,2024-10-06,2026-03-06,41,A,20,13014.76,848.89,2.00,1,39.02,1567.34,4631.99,4107.22,2026-05-18,EL CENTAVITO,0,1,1,2025-05-19,327.77,2318.80,486.97,0.52,51.14,10.35
2026-05-18,2000242,4000242,2019-11-19,2026-04-16,5,A,10,1867.63,154.02,0.60,1,66.89,90.46,912.45,1154.28,2026-05-18,CUENTA BASICA,1,0,1,2025-03-04,232.07,1543.36,7.66,0.12,68.86,21.34
2026-05-18,2000243,4000243,2018-01-16,2026-03-19,69,A,1,134.47,18.68,1.50,1,79.19,19.91,25.82,47.34,2026-05-18,EL CENTAVITO,0,0,1,2025-11-13,666.48,1171.10,1063.18,0.15,34.38,26.44
2026-05-18,2000244,4000244,2022-07-22,2026-03-10,20,A,1,14828.79,1719.53,1.00,1,17.00,320.90,11887.36,4290.24,2026-05-18,EL CENTAVITO,0,1,1,2025-12-19,504.05,2122.43,56.88,0.14,19.81,2.40
2026-05-18,2000245,4000245,2019-03-07,2026-04-05,60,A,20,5330.67,180.83,0.60,1,62.57,100.44,2242.15,5739.98,2026-05-18,AHORROS,0,0,1,2026-04-04,590.16,1931.21,1186.50,2.42,102.21,80.15
2026-05-18,2000246,4000246,2025-02-11,2026-04-15,41,A,1,239.12,23.97,1.00,1,194.51,540.57,140.13,148.80,2026-05-18,CUENTA BASICA,1,0,1,2025-12-15,700.43,452.28,923.29,0.82,113.45,63.92
2026-05-18,2000247,4000247,2020-06-04,2026-04-13,48,A,10,19678.92,3276.45,2.00,1,181.95,1047.63,9403.14,21183.90,2026-05-18,CUENTA BASICA,0,1,1,2025-02-03,645.49,2099.16,36.97,0.31,143.80,20.77
2026-05-18,2000248,4000248,2024-12-25,2026-05-12,41,A,10,3423.85,514.61,1.50,1,120.68,871.35,1695.91,2908.80,2026-05-18,EL CENTAVITO,0,1,1,2025-11-19,132.33,2164.72,896.70,0.36,126.02,10.89
2026-05-18,2000249,4000249,2025-04-20,2026-04-25,69,A,20,16901.72,475.71,2.00,1,100.95,1136.00,14329.65,17561.13,2026-05-18,EL CENTAVITO,0,0,1,2025-01-30,879.08,1396.75,799.39,0.29,217.60,29.84
2026-05-18,2000250,4000250,2025-05-01,2026-05-18,41,A,10,5516.54,618.88,2.00,1,193.70,596.55,3017.52,4168.44,2026-05-18,AHORROS,1,1,1,2025-05-04,837.22,59.10,457.49,1.95,270.46,34.58
2026-05-18,2000251,4000251,2023-05-20,2026-05-08,41,A,10,426.12,44.45,1.50,1,22.70,12.76,118.15,257.29,2026-05-18,EL CENTAVITO,1,0,1,2025-05-19,171.80,2398.54,939.44,0.35,65.89,8.89
2026-05-18,2000252,4000252,2023-06-10,2026-04-15,41,A,10,15157.63,993.57,0.60,1,37.40,1554.88,7965.65,11749.03,2026-05-18,AHORROS,1,0,1,2025-03-03,211.60,1643.64,349.67,0.79,66.56,9.99
2026-05-18,2000253,4000253,2023-10-08,2026-05-01,69,A,20,4441.29,648.58,0.60,1,158.87,96.14,1662.35,4104.20,2026-05-18,EL CENTAVITO,1,1,1,2026-02-28,115.09,70.66,328.68,3.24,148.91,72.71
2026-05-18,2000254,4000254,2024-10-13,2026-05-08,5,A,1,18001.93,1510.95,0.60,1,74.61,855.63,5347.34,9117.72,2026-05-18,CUENTA BASICA,0,0,1,2025-02-17,743.58,1058.45,750.18,1.87,47.55,51.56
2026-05-18,2000255,4000255,2020-02-12,2026-03-06,60,A,10,3568.70,450.35,2.00,1,87.30,1456.58,664.90,1669.85,2026-05-18,AHORROS,0,1,1,2025-06-30,711.68,2151.45,1050.75,0.17,72.15,20.82
2026-05-18,2000256,4000256,2022-06-25,2026-04-25,20,A,10,13365.94,2277.15,1.50,1,7.86,368.98,3603.56,12537.51,2026-05-18,AHORROS,1,1,1,2025-06-18,518.38,82.32,898.47,0.06,4.39,0.48
2026-05-18,2000257,4000257,2023-10-02,2026-04-28,60,A,1,19309.52,1900.17,1.50,1,6.80,1175.97,5623.17,17111.62,2026-05-18,CUENTA BASICA,1,1,1,2025-09-20,416.30,1904.27,789.70,0.40,2.01,7.14
2026-05-18,2000258,4000258,2025-11-08,2026-03-29,41,A,10,18038.14,1931.08,0.60,1,105.84,31.13,12532.06,17289.89,2026-05-18,EL CENTAVITO,1,0,1,2025-04-24,450.49,2087.43,476.95,0.24,72.46,34.91
2026-05-18,2000259,4000259,2018-06-25,2026-03-31,69,A,1,796.09,54.78,1.50,1,82.16,1542.34,222.99,302.07,2026-05-18,AHORROS,1,1,1,2025-02-09,279.19,786.34,43.84,1.16,116.52,26.45
2026-05-18,2000260,4000260,2018-05-17,2026-03-12,20,A,1,4954.98,127.00,2.00,1,282.77,1121.99,749.23,5629.57,2026-05-18,EL CENTAVITO,0,0,1,2026-02-09,495.59,2247.58,807.99,0.53,246.28,34.10
2026-05-18,2000261,4000261,2018-02-25,2026-05-13,48,A,20,1855.22,333.45,2.00,1,105.51,274.68,1435.27,733.87,2026-05-18,CUENTA BASICA,0,0,1,2025-03-03,664.41,2015.23,774.37,0.95,109.36,37.63
2026-05-18,2000262,4000262,2019-06-08,2026-04-26,5,A,10,5477.30,139.68,0.60,1,66.41,802.53,3854.19,2868.16,2026-05-18,AHORROS,0,1,1,2025-11-17,886.00,2312.82,722.11,0.57,27.28,45.28
2026-05-18,2000263,4000263,2018-12-13,2026-05-10,60,A,20,521.01,76.47,2.00,1,87.85,684.67,349.88,407.77,2026-05-18,EL CENTAVITO,1,1,1,2025-12-25,116.63,1003.42,742.02,0.72,36.92,5.39
2026-05-18,2000264,4000264,2018-06-02,2026-04-19,41,A,20,13572.81,1103.98,1.00,1,109.65,462.22,10862.53,16899.72,2026-05-18,EL CENTAVITO,0,0,1,2025-09-13,492.46,1471.61,389.58,0.67,35.09,28.00
2026-05-18,2000265,4000265,2023-11-16,2026-03-11,41,A,20,18720.39,3088.60,0.60,1,3.17,571.16,13118.42,15407.74,2026-05-18,AHORROS,1,0,1,2025-10-20,527.87,383.60,40.58,0.03,3.24,0.17
2026-05-18,2000266,4000266,2025-01-13,2026-04-07,69,A,20,22014.80,2856.97,1.50,1,30.30,1186.60,15164.97,25092.99,2026-05-18,CUENTA BASICA,1,1,1,2026-03-03,586.30,777.85,313.70,0.24,77.97,10.98
2026-05-18,2000267,4000267,2021-04-04,2026-04-30,5,A,20,2184.51,294.95,0.60,1,65.75,417.97,865.20,574.98,2026-05-18,AHORROS,0,0,1,2025-04-03,357.26,2212.99,1020.64,0.10,219.27,46.08
2026-05-18,2000268,4000268,2020-06-14,2026-05-16,69,A,1,5302.63,886.16,1.00,1,2.33,990.15,2610.73,3524.01,2026-05-18,CUENTA BASICA,0,1,1,2025-10-01,78.65,1476.99,716.93,0.00,7.29,1.00
2026-05-18,2000269,4000269,2020-12-21,2026-03-25,60,A,1,2089.03,225.43,0.60,1,343.30,71.45,560.25,1972.66,2026-05-18,CUENTA BASICA,0,1,1,2025-12-21,97.56,2288.20,557.22,3.22,114.64,14.97
2026-05-18,2000270,4000270,2022-03-31,2026-04-27,5,A,20,15044.27,856.14,2.00,1,244.76,993.06,8882.74,17382.90,2026-05-18,EL CENTAVITO,0,1,1,2025-06-05,836.19,343.48,1078.81,0.21,155.66,3.00
2026-05-18,2000271,4000271,2022-10-29,2026-03-05,48,A,20,5313.17,690.64,1.00,1,6.64,519.19,2153.12,5612.87,2026-05-18,CUENTA BASICA,0,0,1,2025-12-31,285.65,1363.55,1002.40,0.09,10.69,1.65
2026-05-18,2000272,4000272,2024-11-02,2026-04-19,60,I,10,195.97,8.29,1.00,1,14.85,496.66,108.18,239.14,2026-05-18,EL CENTAVITO,0,1,1,2025-10-26,615.46,2103.56,633.31,0.28,24.66,6.30
2026-05-18,2000273,4000273,2019-10-29,2026-04-29,5,A,1,5211.40,414.03,0.60,1,18.09,99.97,1805.55,1812.79,2026-05-18,AHORROS,1,0,1,2025-10-25,289.66,1324.22,368.75,1.11,130.45,25.82
2026-05-18,2000274,4000274,2023-04-28,2026-03-21,60,A,10,13841.13,684.31,1.00,1,223.99,417.24,7260.25,17231.52,2026-05-18,EL CENTAVITO,1,1,1,2025-11-22,545.59,1683.93,1105.02,1.10,314.98,33.00
2026-05-18,2000275,4000275,2020-04-28,2026-03-05,48,A,1,238.80,25.05,1.00,1,47.75,1172.01,102.15,140.07,2026-05-18,EL CENTAVITO,0,1,1,2025-03-15,632.79,1445.15,794.64,1.79,32.48,27.25
2026-05-18,2000276,4000276,2023-12-10,2026-03-28,48,A,10,2512.72,201.05,1.50,1,177.48,762.12,1432.27,2261.63,2026-05-18,AHORROS,1,1,1,2025-02-19,24.83,2177.73,328.43,1.72,72.72,38.15
2026-05-18,2000277,4000277,2020-09-20,2026-03-02,69,A,10,340.50,11.66,1.50,1,28.06,130.21,72.00,323.24,2026-05-18,AHORROS,1,1,1,2026-03-12,721.06,561.93,416.69,1.70,182.74,0.32
2026-05-18,2000278,4000278,2018-07-02,2026-05-08,60,A,20,3544.42,344.92,1.00,1,68.23,1561.34,2114.37,3185.52,2026-05-18,CUENTA BASICA,0,1,1,2026-05-03,558.21,360.13,373.88,0.78,89.00,16.33
2026-05-18,2000279,4000279,2022-11-17,2026-04-08,5,A,20,19611.46,2479.58,1.50,1,6.41,1099.56,6547.16,15546.30,2026-05-18,EL CENTAVITO,1,1,1,2025-09-06,715.52,22.83,854.70,0.02,2.83,1.86
2026-05-18,2000280,4000280,2024-08-01,2026-05-03,69,A,1,16963.14,1419.63,2.00,1,105.37,449.70,6084.31,11667.20,2026-05-18,EL CENTAVITO,0,0,1,2025-07-20,85.02,2307.95,912.22,0.87,68.39,2.32
2026-05-18,2000281,4000281,2019-10-30,2026-05-09,41,A,1,19316.01,1786.77,2.00,1,84.07,1399.45,5281.45,9702.90,2026-05-18,CUENTA BASICA,1,0,1,2025-11-03,426.22,833.11,718.66,0.18,116.66,36.77
2026-05-18,2000282,4000282,2019-05-15,2026-03-17,48,A,10,106.15,7.86,1.00,1,0.79,1176.65,24.89,59.42,2026-05-18,CUENTA BASICA,0,1,1,2026-03-30,798.50,1557.12,356.17,0.19,7.04,3.88
2026-05-18,2000283,4000283,2018-03-14,2026-03-11,69,A,10,3616.38,138.75,1.00,1,283.78,1218.64,1193.58,1027.26,2026-05-18,EL CENTAVITO,1,1,1,2025-06-29,679.98,2208.71,1074.80,0.52,179.56,16.39
2026-05-18,2000284,4000284,2022-05-28,2026-03-08,60,A,10,3428.66,435.76,1.50,1,236.15,1029.56,1620.32,2928.13,2026-05-18,CUENTA BASICA,1,0,1,2026-01-25,718.76,1964.21,817.81,0.21,177.79,52.46
2026-05-18,2000285,4000285,2021-08-21,2026-03-21,41,A,10,5317.17,943.70,1.50,1,55.03,42.08,2108.15,2775.52,2026-05-18,AHORROS,1,1,1,2025-07-14,231.37,116.75,10.31,1.39,5.95,21.82
2026-05-18,2000286,4000286,2025-03-23,2026-04-04,69,A,20,2220.98,290.91,1.50,1,9.36,62.62,1519.76,740.65,2026-05-18,EL CENTAVITO,0,0,1,2026-04-21,718.47,1955.83,428.98,0.07,23.91,2.64
2026-05-18,2000287,4000287,2023-02-11,2026-05-15,5,A,20,3438.51,425.12,0.60,1,30.51,32.27,1421.57,3376.29,2026-05-18,AHORROS,0,1,1,2026-01-25,279.75,1411.58,124.31,1.83,25.33,50.27
2026-05-18,2000288,4000288,2020-09-04,2026-03-12,5,A,1,719.37,64.45,1.00,1,162.81,254.74,432.81,396.15,2026-05-18,EL CENTAVITO,0,1,1,2025-11-11,416.15,217.70,1097.70,3.23,22.49,66.62
2026-05-18,2000289,4000289,2024-08-14,2026-04-26,41,A,20,2472.43,168.21,0.60,1,6.46,740.28,1687.45,1720.79,2026-05-18,EL CENTAVITO,1,1,1,2025-02-11,382.50,644.19,162.30,0.75,76.17,20.00
2026-05-18,2000290,4000290,2022-10-27,2026-03-17,5,A,10,4650.42,183.24,0.60,1,108.07,764.54,1792.84,1634.34,2026-05-18,EL CENTAVITO,1,0,1,2025-02-16,217.73,241.98,590.29,0.61,169.25,27.24
2026-05-18,2000291,4000291,2020-10-14,2026-04-26,69,A,1,18009.97,628.34,1.50,1,14.31,975.26,12360.12,14524.48,2026-05-18,CUENTA BASICA,1,1,1,2026-03-10,332.58,1683.17,705.01,0.17,12.04,2.36
2026-05-18,2000292,4000292,2020-11-09,2026-03-27,5,A,10,454.05,80.09,1.50,1,8.48,1263.03,127.11,224.13,2026-05-18,EL CENTAVITO,1,1,1,2025-10-04,259.35,553.49,941.34,0.02,7.78,1.90
2026-05-18,2000293,4000293,2024-05-26,2026-03-06,5,A,10,13242.03,397.18,1.50,1,68.01,814.31,6581.73,11642.83,2026-05-18,EL CENTAVITO,0,1,1,2025-05-20,884.16,493.76,976.01,1.16,36.29,38.89
2026-05-18,2000294,4000294,2022-01-09,2026-04-01,41,A,10,17530.73,2278.31,2.00,1,49.33,473.86,4506.70,18629.89,2026-05-18,CUENTA BASICA,0,1,1,2025-07-08,881.46,2273.88,87.27,1.33,300.03,61.25
2026-05-18,2000295,4000295,2022-10-12,2026-03-16,48,A,10,332.15,31.83,2.00,1,20.82,1139.83,217.16,110.83,2026-05-18,AHORROS,1,1,1,2025-03-09,897.10,867.46,592.13,0.50,18.45,0.79
2026-05-18,2000296,4000296,2025-01-14,2026-03-06,69,A,10,13100.01,1880.05,0.60,1,24.41,1125.60,3467.79,8333.78,2026-05-18,CUENTA BASICA,0,1,1,2025-07-30,805.65,1295.22,165.87,0.44,53.85,19.55
2026-05-18,2000297,4000297,2022-10-17,2026-03-15,5,A,10,1983.78,265.10,2.00,1,148.25,1432.62,479.77,968.77,2026-05-18,AHORROS,0,1,1,2025-12-09,489.55,2352.00,450.03,0.49,33.21,5.69
2026-05-18,2000298,4000298,2021-01-18,2026-03-04,48,A,20,3194.09,136.69,0.60,1,133.35,327.79,794.26,3874.01,2026-05-18,CUENTA BASICA,0,1,1,2025-04-10,101.16,1862.86,148.05,1.33,48.90,40.50
2026-05-18,2000299,4000299,2020-08-24,2026-04-30,69,A,10,2908.05,217.56,2.00,1,226.18,491.87,1385.45,2326.36,2026-05-18,CUENTA BASICA,1,1,1,2025-02-12,384.93,764.15,300.57,1.86,78.85,0.85
2026-05-18,2000300,4000300,2021-01-19,2026-03-22,20,A,10,794.12,18.87,2.00,1,74.23,996.56,246.40,664.96,2026-05-18,CUENTA BASICA,1,1,1,2026-05-12,629.77,1522.22,173.60,0.54,87.35,32.92
2026-05-18,2000301,4000301,2024-11-19,2026-04-30,20,A,20,700.66,23.39,2.00,1,23.68,295.56,416.87,429.36,2026-05-18,EL CENTAVITO,1,1,1,2025-07-21,702.58,1091.79,267.94,0.12,54.39,15.34
2026-05-18,2000302,4000302,2026-04-15,2026-03-26,60,A,10,2815.57,143.19,2.00,1,100.74,264.78,971.31,1471.60,2026-05-18,AHORROS,1,1,1,2026-04-17,342.14,828.43,579.05,0.14,156.63,1.04
2026-05-18,2000303,4000303,2019-07-20,2026-03-08,41,A,1,4053.49,499.15,0.60,1,132.63,794.76,2863.28,2126.50,2026-05-18,EL CENTAVITO,0,1,1,2025-08-24,754.65,538.90,1116.44,0.84,29.54,20.60
2026-05-18,2000304,4000304,2020-07-29,2026-03-09,5,A,1,21937.51,3812.21,1.00,1,16.54,551.18,17264.37,21317.96,2026-05-18,CUENTA BASICA,1,1,1,2026-03-29,21.97,1251.53,366.91,0.07,21.88,5.67
2026-05-18,2000305,4000305,2018-05-14,2026-04-22,48,A,20,3584.95,388.05,1.00,1,5.06,847.43,2034.85,3531.10,2026-05-18,AHORROS,1,1,1,2025-08-24,189.53,341.90,1108.86,0.06,11.39,0.26
2026-05-18,2000306,4000306,2024-01-20,2026-03-04,69,A,1,2166.59,260.66,1.50,1,62.51,1307.33,645.44,576.78,2026-05-18,AHORROS,0,0,1,2026-05-17,785.71,886.74,1074.95,0.59,298.63,38.15
2026-05-18,2000307,4000307,2025-07-30,2026-04-21,48,A,1,2247.37,231.94,1.00,1,21.44,17.50,1013.38,2393.47,2026-05-18,AHORROS,0,1,1,2025-12-12,178.70,884.64,907.52,0.07,29.33,9.14
2026-05-18,2000308,4000308,2025-05-10,2026-04-17,5,A,1,415.71,32.48,1.00,1,64.11,510.95,346.56,190.81,2026-05-18,AHORROS,1,0,1,2025-11-07,642.78,636.93,78.25,0.10,44.63,3.12
2026-05-18,2000309,4000309,2023-04-11,2026-05-17,41,A,20,3342.39,230.34,0.60,1,170.22,379.21,1722.12,2659.31,2026-05-18,AHORROS,1,1,1,2025-05-12,415.04,2042.29,501.07,0.57,127.41,41.54
2026-05-18,2000310,4000310,2024-07-25,2026-04-24,41,A,1,5142.45,622.71,1.00,1,13.81,952.31,1861.07,2898.85,2026-05-18,EL CENTAVITO,1,1,1,2025-10-23,0.40,136.96,193.14,0.16,12.44,4.21
2026-05-18,2000311,4000311,2020-02-20,2026-04-27,20,A,10,22765.62,3414.43,1.50,1,68.84,275.34,5019.82,6818.94,2026-05-18,CUENTA BASICA,1,1,1,2025-10-17,154.69,1822.32,213.76,1.99,16.47,78.00
2026-05-18,2000312,4000312,2020-01-26,2026-03-01,5,A,20,5196.80,443.76,1.00,1,90.01,542.71,1516.43,4755.58,2026-05-18,CUENTA BASICA,1,0,1,2026-02-01,4.06,696.89,1016.96,2.23,60.92,67.33
2026-05-18,2000313,4000313,2026-01-06,2026-04-06,20,A,20,2883.46,105.11,1.00,1,27.05,772.28,2033.97,1065.84,2026-05-18,CUENTA BASICA,0,0,1,2026-03-28,27.97,1293.20,1113.34,0.58,47.32,21.62
2026-05-18,2000314,4000314,2025-10-14,2026-04-14,5,A,20,2891.78,83.49,0.60,1,82.50,551.38,1952.73,2997.66,2026-05-18,AHORROS,1,0,1,2025-05-28,312.45,2244.43,1097.43,0.15,44.44,26.29
2026-05-18,2000315,4000315,2023-12-14,2026-03-06,48,A,1,18654.68,2861.37,2.00,1,38.18,1548.69,9333.57,21211.72,2026-05-18,AHORROS,0,1,1,2025-01-02,887.07,623.53,583.49,0.28,33.72,2.27
2026-05-18,2000316,4000316,2024-02-01,2026-05-13,60,A,10,5328.15,802.07,0.60,1,30.93,583.30,3926.15,4785.03,2026-05-18,EL CENTAVITO,1,0,1,2025-05-28,380.95,2079.98,767.16,0.05,154.16,7.85
2026-05-18,2000317,4000317,2022-08-20,2026-05-01,69,A,1,561.90,16.90,2.00,1,184.43,357.03,314.03,617.49,2026-05-18,CUENTA BASICA,1,1,1,2025-07-22,267.87,1566.59,960.39,0.04,114.86,67.04
2026-05-18,2000318,4000318,2021-07-31,2026-05-02,41,A,1,561.43,27.47,2.00,1,31.36,1171.18,161.65,495.13,2026-05-18,AHORROS,0,0,1,2026-05-15,33.64,2167.30,928.06,1.56,134.49,33.55
2026-05-18,2000319,4000319,2025-01-04,2026-05-05,5,A,20,100.84,16.89,1.00,1,4.41,635.41,25.75,57.51,2026-05-18,CUENTA BASICA,0,1,1,2026-01-07,558.45,870.30,742.79,0.04,2.47,3.40
2026-05-18,2000320,4000320,2023-05-07,2026-05-05,48,A,10,3243.34,137.54,1.00,1,145.04,328.11,1179.20,2280.20,2026-05-18,EL CENTAVITO,0,0,1,2026-03-09,656.60,133.65,592.52,1.00,82.25,36.91
2026-05-18,2000321,4000321,2023-05-14,2026-04-06,20,A,20,15954.62,2596.53,2.00,1,86.55,761.11,11141.97,4946.53,2026-05-18,CUENTA BASICA,0,0,1,2025-05-07,395.28,2245.33,1075.89,1.18,224.09,4.95
2026-05-18,2000322,4000322,2019-10-09,2026-03-30,5,A,10,3330.93,559.37,1.00,1,214.53,27.11,1396.25,2784.18,2026-05-18,CUENTA BASICA,0,1,1,2025-02-09,34.39,1780.14,492.63,1.60,10.31,35.56
2026-05-18,2000323,4000323,2022-01-17,2026-03-29,20,A,1,617.30,111.06,1.00,1,86.58,8.63,338.97,514.60,2026-05-18,AHORROS,1,1,1,2026-04-08,518.93,682.46,340.66,0.87,192.05,26.79
2026-05-18,2000324,4000324,2018-05-22,2026-04-24,69,A,1,5358.49,797.64,1.00,1,54.56,1556.76,2420.97,6276.06,2026-05-18,CUENTA BASICA,1,1,1,2026-05-07,96.81,168.69,842.86,0.09,252.15,50.11
2026-05-18,2000325,4000325,2019-08-04,2026-03-09,20,A,20,5018.33,263.32,2.00,1,31.03,97.45,3238.83,3373.68,2026-05-18,AHORROS,1,1,1,2025-11-04,6.84,218.67,978.41,0.45,16.67,28.14
2026-05-18,2000326,4000326,2026-01-25,2026-04-05,41,A,10,829.14,74.11,1.50,1,7.52,861.97,459.86,746.32,2026-05-18,CUENTA BASICA,0,1,1,2025-03-24,260.24,192.40,349.88,0.52,70.64,5.30
2026-05-18,2000327,4000327,2024-08-01,2026-04-15,69,A,20,13511.11,507.52,2.00,1,20.79,1516.47,3605.09,11833.02,2026-05-18,CUENTA BASICA,1,1,1,2025-03-08,611.94,1068.46,1161.37,1.73,155.54,54.42
2026-05-18,2000328,4000328,2024-12-20,2026-03-26,5,A,10,12797.20,942.11,1.00,1,37.36,818.53,2292.23,11689.19,2026-05-18,EL CENTAVITO,1,0,1,2025-08-04,864.00,2148.62,662.91,0.37,48.57,18.04
2026-05-18,2000329,4000329,2023-02-22,2026-04-29,41,A,20,5341.91,358.54,1.50,1,122.14,641.42,3332.31,3245.40,2026-05-18,AHORROS,1,0,1,2025-01-17,378.52,3.98,231.47,2.19,169.36,54.37
2026-05-18,2000330,4000330,2021-02-28,2026-04-14,20,A,1,71.06,16.40,1.00,1,14.50,1092.78,12.57,39.81,2026-05-18,CUENTA BASICA,1,0,1,2025-07-09,348.28,1800.57,84.23,0.12,18.43,0.04
2026-05-18,2000331,4000331,2019-05-03,2026-04-03,5,A,1,522.29,127.42,2.00,1,144.48,627.06,289.17,212.11,2026-05-18,EL CENTAVITO,0,1,1,2026-04-14,653.83,1619.54,126.49,1.03,28.41,17.59
2026-05-18,2000332,4000332,2023-01-15,2026-05-15,41,A,1,521.98,20.16,2.00,1,14.79,1445.69,238.28,236.94,2026-05-18,AHORROS,0,1,1,2026-04-17,873.27,26.56,516.28,1.71,128.29,43.75
2026-05-18,2000333,4000333,2022-06-30,2026-04-08,5,A,10,274.59,68.32,0.60,1,93.62,291.33,218.07,186.65,2026-05-18,EL CENTAVITO,1,0,1,2025-08-11,743.95,1014.24,839.18,1.84,159.23,4.61
2026-05-18,2000334,4000334,2018-12-26,2026-03-17,20,A,1,203.51,21.94,2.00,1,250.82,481.87,33.15,214.88,2026-05-18,EL CENTAVITO,1,1,1,2025-12-01,158.79,720.26,257.08,3.18,148.85,75.29
2026-05-18,2000335,4000335,2020-02-25,2026-04-20,5,A,20,494.49,48.18,1.50,1,17.55,1455.57,121.77,193.66,2026-05-18,AHORROS,0,0,1,2025-03-19,883.91,93.45,119.72,0.56,6.76,21.33
2026-05-18,2000336,4000336,2022-04-23,2026-03-23,20,A,1,534.64,70.78,1.50,1,14.79,947.59,160.81,317.20,2026-05-18,EL CENTAVITO,1,0,1,2025-12-31,300.07,292.80,591.15,0.14,53.62,4.99
2026-05-18,2000337,4000337,2022-09-04,2026-03-15,69,A,20,350.63,17.47,1.50,1,42.01,439.31,115.19,203.82,2026-05-18,AHORROS,0,0,1,2025-03-21,440.46,702.66,1106.60,0.69,12.47,10.60
2026-05-18,2000338,4000338,2019-05-12,2026-04-18,48,A,20,487.43,113.65,1.50,1,162.20,1544.74,319.39,437.73,2026-05-18,AHORROS,0,1,1,2025-07-11,424.27,1866.90,373.51,0.57,116.71,29.34
2026-05-18,2000339,4000339,2025-06-27,2026-04-05,5,A,1,339.88,24.69,1.50,1,60.02,1578.82,242.39,86.78,2026-05-18,CUENTA BASICA,0,1,1,2025-09-20,670.40,2173.91,434.34,1.40,170.39,8.87
2026-05-18,2000340,4000340,2020-02-05,2026-03-24,41,A,10,150.22,21.64,0.60,1,109.05,126.20,124.81,134.59,2026-05-18,AHORROS,1,1,1,2025-04-01,140.11,253.32,244.78,0.35,109.34,15.16
2026-05-18,2000341,4000341,2021-07-08,2026-04-30,5,A,20,35.37,2.65,2.00,1,90.58,842.60,10.34,29.96,2026-05-18,CUENTA BASICA,1,0,1,2025-04-29,182.10,2315.31,392.01,0.58,70.12,68.40
2026-05-18,2000342,4000342,2018-02-23,2026-03-24,60,A,10,485.92,100.41,0.60,1,10.85,924.38,162.73,324.32,2026-05-18,EL CENTAVITO,1,1,1,2025-06-11,627.52,2159.75,875.55,0.49,1.16,9.76
2026-05-18,2000343,4000343,2024-05-01,2026-04-29,41,A,20,350.55,58.13,2.00,1,64.61,1485.95,247.14,203.67,2026-05-18,EL CENTAVITO,1,1,1,2025-02-27,758.67,2349.53,635.41,1.98,106.47,5.02
2026-05-18,2000344,4000344,2020-02-03,2026-05-15,69,A,20,246.15,20.20,0.60,1,42.73,687.46,105.02,270.09,2026-05-18,AHORROS,1,1,1,2026-02-24,505.01,496.32,1078.29,0.46,42.38,6.91
2026-05-18,2000345,4000345,2020-05-20,2026-04-06,5,I,20,315.51,73.38,1.50,1,19.89,1514.84,134.08,185.56,2026-05-18,CUENTA BASICA,1,1,1,2025-06-19,803.01,174.92,312.15,2.29,230.34,53.13
2026-05-18,2000346,4000346,2021-10-20,2026-05-01,5,I,10,412.08,58.89,0.60,1,19.76,957.22,89.80,467.42,2026-05-18,EL CENTAVITO,1,1,1,2025-03-26,38.84,2360.89,1190.82,0.60,79.35,14.76
2026-05-18,2000347,4000347,2024-12-17,2026-03-27,60,A,1,287.19,65.48,0.60,1,10.30,477.51,213.02,271.51,2026-05-18,CUENTA BASICA,1,0,1,2025-11-25,847.45,276.66,1161.17,0.33,26.90,2.43
2026-05-18,2000348,4000348,2020-02-03,2026-03-07,20,A,10,474.98,54.22,2.00,1,132.04,194.49,299.04,330.00,2026-05-18,EL CENTAVITO,1,0,1,2026-05-15,683.06,491.74,351.41,2.32,245.08,74.76
2026-05-18,2000349,4000349,2018-03-31,2026-04-30,20,A,10,197.01,22.33,1.00,1,15.33,291.67,121.52,47.19,2026-05-18,CUENTA BASICA,1,0,1,2025-11-27,166.29,813.80,523.35,2.69,284.96,59.71
2026-05-18,2000350,4000350,2022-06-10,2026-04-30,41,A,10,234.22,41.89,1.00,1,40.17,903.08,62.53,124.39,2026-05-18,EL CENTAVITO,0,0,1,2026-01-31,738.72,1980.11,170.75,0.40,55.23,20.27
2026-05-18,2000351,4000351,2023-03-24,2026-03-21,41,A,10,571.22,104.03,0.60,1,23.39,863.65,282.41,234.76,2026-05-18,EL CENTAVITO,0,1,1,2026-03-15,700.31,1640.48,1066.33,0.15,0.83,0.47
2026-05-18,2000352,4000352,2023-09-09,2026-05-10,5,A,1,363.60,53.81,1.50,1,130.82,674.41,75.20,240.25,2026-05-18,EL CENTAVITO,1,1,1,2025-04-12,517.00,1917.06,649.58,0.18,128.71,32.51
2026-05-18,2000353,4000353,2024-11-17,2026-03-02,48,A,20,223.66,17.21,0.60,1,29.19,275.71,184.98,102.62,2026-05-18,CUENTA BASICA,0,1,1,2025-01-19,356.28,1599.17,131.46,0.16,190.17,34.44
2026-05-18,2000354,4000354,2022-04-11,2026-03-19,41,A,10,174.80,35.36,0.60,1,175.31,461.37,83.44,119.70,2026-05-18,EL CENTAVITO,0,1,1,2026-04-07,78.28,1343.26,889.14,1.27,301.32,0.65
2026-05-18,2000355,4000355,2020-06-07,2026-05-16,69,A,20,287.46,52.28,1.00,1,28.32,153.80,95.02,227.77,2026-05-18,EL CENTAVITO,1,1,1,2025-05-16,853.62,1077.70,614.50,0.20,20.70,18.30
2026-05-18,2000356,4000356,2018-10-24,2026-04-21,69,A,10,369.66,37.30,1.00,1,12.78,187.52,142.72,400.73,2026-05-18,AHORROS,0,1,1,2026-02-04,404.20,1372.81,832.30,2.68,137.42,56.21
2026-05-18,2000357,4000357,2019-05-24,2026-04-20,20,A,10,288.70,22.71,0.60,1,30.71,960.60,62.89,176.75,2026-05-18,CUENTA BASICA,0,0,1,2026-01-30,764.86,326.65,871.29,2.10,26.42,31.00
2026-05-18,2000358,4000358,2024-08-08,2026-03-23,20,A,10,370.55,29.40,2.00,1,62.91,1297.79,107.46,106.49,2026-05-18,AHORROS,0,0,1,2026-04-24,230.24,362.62,70.37,0.63,15.93,27.89
2026-05-18,2000359,4000359,2024-06-30,2026-04-03,5,A,20,71.96,14.41,2.00,1,36.65,651.61,30.67,36.08,2026-05-18,AHORROS,1,1,1,2025-05-25,746.09,1365.37,372.97,0.11,23.22,4.02
2026-05-18,2000360,4000360,2020-07-15,2026-05-11,20,A,10,621.14,145.15,0.60,1,130.99,1401.71,139.29,423.02,2026-05-18,AHORROS,1,0,1,2025-10-06,534.97,2036.72,388.13,2.30,180.02,11.09
2026-05-18,2000361,4000361,2023-07-17,2026-04-18,41,A,20,290.96,66.75,0.60,1,86.48,1140.98,159.12,282.32,2026-05-18,AHORROS,1,1,1,2026-02-10,306.12,1478.54,972.25,0.88,149.75,27.59
2026-05-18,2000362,4000362,2020-03-22,2026-05-04,41,A,1,173.46,30.01,2.00,1,25.31,39.18,41.38,58.31,2026-05-18,EL CENTAVITO,1,1,1,2025-09-20,216.87,346.84,556.74,0.06,55.33,22.28
2026-05-18,2000363,4000363,2024-01-21,2026-03-02,41,A,20,26.06,4.35,2.00,1,51.83,478.61,19.36,27.95,2026-05-18,AHORROS,1,0,1,2025-09-05,533.10,80.89,413.33,0.08,44.70,40.71
2026-05-18,2000364,4000364,2019-02-16,2026-03-16,20,A,1,216.76,14.57,2.00,1,80.02,1098.27,83.16,172.34,2026-05-18,AHORROS,0,1,1,2025-09-06,414.27,1917.17,1140.59,0.78,51.59,69.91
2026-05-18,2000365,4000365,2022-12-19,2026-05-14,5,A,10,423.72,26.34,0.60,1,53.77,924.99,311.74,237.77,2026-05-18,EL CENTAVITO,0,0,1,2025-10-22,199.76,870.09,87.87,0.50,18.81,0.97
2026-05-18,2000366,4000366,2020-02-16,2026-03-02,41,A,10,534.30,16.89,1.50,1,21.44,751.86,86.67,246.64,2026-05-18,AHORROS,0,0,1,2025-05-23,362.46,153.12,460.64,0.07,45.26,44.45
2026-05-18,2000367,4000367,2021-11-29,2026-05-14,48,A,1,522.09,127.52,2.00,1,29.07,1120.03,437.92,293.74,2026-05-18,AHORROS,0,1,1,2025-12-31,702.87,2362.14,158.52,0.68,125.85,13.83
2026-05-18,2000368,4000368,2024-03-05,2026-03-11,69,A,20,314.80,68.40,0.60,1,16.72,1268.77,116.92,240.94,2026-05-18,CUENTA BASICA,0,0,1,2025-05-27,868.83,1249.01,261.98,1.75,50.47,2.08
2026-05-18,2000369,4000369,2023-01-27,2026-04-30,69,A,1,327.70,55.69,0.60,1,302.93,255.17,153.64,144.53,2026-05-18,CUENTA BASICA,0,0,1,2025-06-07,412.10,344.33,556.26,2.21,25.81,60.49
2026-05-18,2000370,4000370,2018-07-29,2026-03-27,60,A,1,29.39,5.27,1.00,1,35.44,1460.68,20.81,15.78,2026-05-18,CUENTA BASICA,0,0,1,2025-07-22,111.49,1696.89,658.14,0.31,144.99,37.21
2026-05-18,2000371,4000371,2018-09-05,2026-04-18,41,A,10,212.70,28.36,0.60,1,77.66,252.21,78.73,115.22,2026-05-18,EL CENTAVITO,1,0,1,2026-02-22,146.59,1631.38,347.73,1.23,203.26,17.80
2026-05-18,2000372,4000372,2023-03-04,2026-04-29,69,A,10,142.63,19.68,1.50,1,41.64,1070.53,41.17,67.50,2026-05-18,EL CENTAVITO,0,1,1,2025-02-10,829.66,1710.28,1111.44,0.48,48.22,16.48
2026-05-18,2000373,4000373,2019-11-18,2026-05-15,20,A,10,227.51,9.73,1.50,1,94.92,740.04,182.99,180.74,2026-05-18,EL CENTAVITO,0,1,1,2025-01-25,80.80,604.32,447.44,0.08,130.64,41.26
2026-05-18,2000374,4000374,2018-04-23,2026-04-08,48,A,1,33.72,7.76,1.00,1,3.37,933.21,7.60,10.19,2026-05-18,CUENTA BASICA,0,0,1,2025-01-25,245.82,2176.92,1069.78,0.05,0.41,1.17
2026-05-18,2000375,4000375,2020-03-25,2026-05-17,69,A,20,506.90,99.82,0.60,1,198.98,407.87,124.00,312.52,2026-05-18,EL CENTAVITO,0,1,1,2026-04-09,415.96,268.66,373.46,0.18,100.93,54.91
2026-05-18,2000376,4000376,2023-01-27,2026-04-30,69,A,10,254.41,43.60,2.00,1,186.87,1404.72,183.76,215.91,2026-05-18,CUENTA BASICA,1,1,1,2025-07-27,667.74,2337.99,396.75,0.25,172.13,26.13
2026-05-18,2000377,4000377,2024-07-31,2026-03-10,20,A,20,558.92,99.19,1.50,1,13.07,569.78,354.62,274.07,2026-05-18,EL CENTAVITO,0,0,1,2025-08-22,353.45,352.77,449.99,0.37,89.61,13.26
2026-05-18,2000378,4000378,2021-10-01,2026-04-05,41,A,20,253.03,38.88,0.60,1,104.78,260.27,58.75,48.11,2026-05-18,EL CENTAVITO,0,1,1,2025-02-28,585.30,600.89,281.45,0.03,79.27,3.07
2026-05-18,2000379,4000379,2024-12-28,2026-03-30,5,A,20,324.00,42.19,2.00,1,22.73,336.71,270.49,59.95,2026-05-18,AHORROS,1,1,1,2025-11-14,240.80,586.26,100.14,0.09,28.14,9.04
2026-05-18,2000380,4000380,2021-10-01,2026-05-16,69,A,1,425.72,88.93,1.50,1,79.02,743.86,188.62,79.79,2026-05-18,AHORROS,0,0,1,2025-12-28,872.94,1167.35,264.73,0.69,34.13,22.71
2026-05-18,2000381,4000381,2025-01-29,2026-03-24,20,A,20,409.97,55.68,2.00,1,181.41,349.55,189.10,201.14,2026-05-18,EL CENTAVITO,0,1,1,2025-01-14,840.39,1820.66,833.55,1.80,101.02,18.42
2026-05-18,2000382,4000382,2023-12-09,2026-03-20,41,I,20,123.17,30.45,1.00,1,13.52,1574.20,87.05,66.78,2026-05-18,AHORROS,1,0,1,2025-06-30,472.70,713.56,666.23,0.59,63.39,16.04
2026-05-18,2000383,4000383,2022-04-28,2026-05-15,20,I,1,87.69,16.22,2.00,1,169.43,568.39,50.63,82.14,2026-05-18,EL CENTAVITO,0,1,1,2025-10-06,855.62,949.27,1047.52,1.33,303.69,73.21
2026-05-18,2000384,4000384,2024-07-31,2026-04-28,41,A,10,123.24,8.34,1.50,1,103.26,491.59,56.13,31.01,2026-05-18,CUENTA BASICA,0,0,1,2025-03-31,259.06,1141.80,642.45,0.43,123.09,19.44
2026-05-18,2000385,4000385,2020-02-24,2026-04-02,41,A,1,160.80,25.77,1.00,1,32.08,538.80,45.89,77.51,2026-05-18,EL CENTAVITO,0,1,1,2025-10-16,624.19,848.88,496.72,1.92,91.42,3.07
2026-05-18,2000386,4000386,2025-05-05,2026-05-10,41,A,1,481.18,34.62,0.60,1,43.04,1340.58,218.17,120.82,2026-05-18,EL CENTAVITO,0,0,1,2025-03-02,80.25,1240.71,1137.15,1.08,139.32,47.57
2026-05-18,2000387,4000387,2023-12-20,2026-03-26,5,A,20,390.95,90.77,2.00,1,113.72,1062.00,297.39,350.59,2026-05-18,CUENTA BASICA,1,1,1,2025-01-12,171.84,1169.79,1064.98,1.02,36.53,3.67
2026-05-18,2000388,4000388,2019-12-12,2026-03-18,48,A,10,345.75,70.43,2.00,1,75.64,1511.65,76.44,252.34,2026-05-18,CUENTA BASICA,0,1,1,2025-04-21,469.88,1208.49,936.07,1.73,11.56,28.05
2026-05-18,2000389,4000389,2018-06-04,2026-03-07,48,A,10,323.66,40.66,1.00,1,13.34,1150.44,181.01,318.41,2026-05-18,CUENTA BASICA,1,0,1,2025-06-04,103.61,628.10,724.57,2.70,67.21,2.94
2026-05-18,2000390,4000390,2020-07-11,2026-05-18,41,I,1,420.20,94.97,2.00,1,20.71,1214.89,298.74,299.22,2026-05-18,EL CENTAVITO,0,1,1,2025-02-13,107.81,1541.64,1181.75,1.36,99.42,63.04
2026-05-18,2000391,4000391,2018-11-18,2026-04-28,5,A,20,204.74,22.70,1.50,1,8.98,1089.59,172.19,70.35,2026-05-18,EL CENTAVITO,1,0,1,2026-01-13,854.95,406.36,1036.73,0.02,8.97,0.62
2026-05-18,2000392,4000392,2024-01-09,2026-05-17,20,A,20,341.94,65.87,1.50,1,3.49,789.73,133.20,215.89,2026-05-18,EL CENTAVITO,0,0,1,2025-12-17,39.63,672.44,119.41,1.55,11.00,8.48
2026-05-18,2000393,4000393,2018-07-21,2026-03-24,41,A,10,154.75,28.52,2.00,1,223.21,658.60,51.58,66.22,2026-05-18,EL CENTAVITO,0,1,1,2025-12-27,638.65,89.42,188.16,1.18,244.77,58.78
2026-05-18,2000394,4000394,2021-05-11,2026-03-25,48,A,20,433.40,68.37,2.00,1,10.50,533.38,382.49,229.13,2026-05-18,CUENTA BASICA,0,0,1,2025-01-09,101.48,1729.00,321.69,0.12,3.00,2.92
2026-05-18,2000395,4000395,2025-09-04,2026-03-23,48,A,20,471.54,17.33,0.60,1,90.53,1401.28,274.89,353.95,2026-05-18,CUENTA BASICA,1,0,1,2025-09-14,96.52,2321.46,411.28,1.00,67.62,15.09
2026-05-18,2000396,4000396,2024-11-26,2026-05-12,5,A,1,28.82,5.36,0.60,1,241.07,758.96,5.84,11.34,2026-05-18,EL CENTAVITO,0,0,1,2025-06-11,616.52,455.01,807.44,1.46,120.47,10.79
2026-05-18,2000397,4000397,2024-12-10,2026-03-03,20,A,1,301.55,42.23,2.00,1,1.37,1061.46,130.35,120.11,2026-05-18,CUENTA BASICA,0,1,1,2025-01-15,743.81,1445.13,762.23,0.05,3.83,1.38
2026-05-18,2000398,4000398,2021-09-16,2026-03-20,5,A,1,466.25,35.83,2.00,1,150.80,170.23,364.18,394.37,2026-05-18,AHORROS,0,1,1,2025-12-02,657.18,975.22,1186.02,1.75,241.32,8.22
2026-05-18,2000399,4000399,2024-08-19,2026-04-27,48,I,10,352.89,39.84,2.00,1,14.97,461.64,233.60,397.67,2026-05-18,EL CENTAVITO,0,1,1,2025-10-22,6.96,1777.30,741.10,0.29,48.73,22.52
2026-05-18,2000400,4000400,2021-09-08,2026-04-19,60,A,10,582.84,62.05,0.60,1,4.27,974.90,226.19,605.59,2026-05-18,EL CENTAVITO,1,0,1,2026-01-02,160.19,2032.04,615.19,0.09,5.77,0.51
2026-05-18,2000401,4000401,2024-07-05,2026-05-05,69,A,1,47.74,5.61,0.60,1,257.07,458.63,42.66,54.32,2026-05-18,EL CENTAVITO,0,0,1,2025-03-11,402.06,586.63,180.43,0.40,294.05,3.43
2026-05-18,2000402,4000402,2025-09-03,2026-04-08,41,A,10,236.86,43.50,0.60,1,58.39,1002.28,185.44,170.04,2026-05-18,AHORROS,0,1,1,2025-09-02,867.76,376.34,36.49,0.65,10.72,26.95
2026-05-18,2000403,4000403,2020-03-22,2026-05-15,20,A,1,605.48,28.07,1.00,1,10.50,401.79,328.16,255.20,2026-05-18,CUENTA BASICA,1,0,1,2026-03-29,180.17,430.80,1161.97,1.05,33.70,43.36
2026-05-18,2000404,4000404,2019-08-21,2026-03-06,69,A,20,41.04,2.60,0.60,1,57.91,439.06,35.55,35.24,2026-05-18,CUENTA BASICA,1,1,1,2025-07-25,27.93,950.81,1164.07,0.61,130.01,13.99
2026-05-18,2000405,4000405,2020-09-19,2026-05-14,60,A,20,387.95,15.77,2.00,1,173.70,98.76,83.54,312.61,2026-05-18,CUENTA BASICA,0,1,1,2026-01-05,745.16,1475.43,886.05,0.93,188.05,16.98
2026-05-18,2000406,4000406,2022-12-24,2026-04-17,60,A,20,374.59,67.76,0.60,1,189.16,58.10,332.94,287.76,2026-05-18,EL CENTAVITO,1,0,1,2025-05-26,637.90,307.93,518.68,0.69,90.33,12.71
2026-05-18,2000407,4000407,2021-03-04,2026-03-27,60,A,10,488.32,117.41,0.60,1,48.44,743.60,222.76,181.22,2026-05-18,CUENTA BASICA,1,1,1,2025-06-04,700.93,2028.46,16.33,0.94,126.19,18.50
2026-05-18,2000408,4000408,2018-06-03,2026-04-05,5,A,1,564.12,25.34,0.60,1,147.08,1444.59,296.72,133.57,2026-05-18,CUENTA BASICA,1,1,1,2025-05-03,299.58,1297.86,969.38,1.03,169.36,10.71
2026-05-18,2000409,4000409,2021-07-26,2026-03-16,41,A,10,59.51,7.99,1.00,1,97.99,265.73,38.33,20.97,2026-05-18,AHORROS,0,0,1,2025-02-26,83.17,1900.75,442.70,0.25,22.37,8.10
2026-05-18,2000410,4000410,2018-12-21,2026-03-10,69,A,20,222.63,26.15,2.00,1,259.78,448.98,164.85,188.07,2026-05-18,EL CENTAVITO,0,0,1,2026-02-18,805.01,2181.22,300.44,1.68,166.29,76.01
2026-05-18,2000411,4000411,2022-01-30,2026-04-07,20,A,20,173.52,18.04,2.00,1,178.34,1092.44,49.78,127.48,2026-05-18,CUENTA BASICA,0,0,1,2026-01-14,177.56,561.45,620.15,1.10,89.78,51.79
2026-05-18,2000412,4000412,2023-07-30,2026-03-27,60,A,20,312.83,76.95,1.00,1,163.24,234.10,176.51,190.05,2026-05-18,AHORROS,0,0,1,2025-08-30,313.82,1016.55,307.34,2.54,254.79,47.41
2026-05-18,2000413,4000413,2019-05-13,2026-04-13,48,A,20,262.43,59.77,2.00,1,0.00,109.74,57.26,282.67,2026-05-18,AHORROS,1,1,1,2026-03-18,885.71,1825.81,282.38,0.01,0.12,0.02
2026-05-18,2000414,4000414,2025-12-05,2026-03-29,60,A,10,215.49,36.13,1.50,1,5.83,646.01,107.28,173.41,2026-05-18,CUENTA BASICA,1,1,1,2025-02-03,575.01,597.07,1051.97,0.38,46.39,0.87
2026-05-18,2000415,4000415,2020-12-16,2026-03-30,20,A,1,413.45,56.42,0.60,1,97.89,171.39,86.47,381.43,2026-05-18,CUENTA BASICA,0,1,1,2026-03-30,796.59,193.55,1080.14,0.64,38.67,7.21
2026-05-18,2000416,4000416,2021-08-21,2026-04-28,41,A,10,645.41,143.86,1.00,1,163.22,428.85,165.25,395.26,2026-05-18,CUENTA BASICA,0,0,1,2025-05-05,879.95,2160.16,185.26,1.10,74.40,7.59
2026-05-18,2000417,4000417,2021-09-29,2026-04-03,69,A,1,224.04,50.81,1.50,1,158.87,808.22,144.36,61.25,2026-05-18,AHORROS,1,0,1,2025-03-09,225.40,2071.32,1089.54,2.81,84.57,61.59
2026-05-18,2000418,4000418,2024-05-06,2026-04-02,48,A,20,536.70,27.68,0.60,1,131.03,1211.98,210.87,244.26,2026-05-18,AHORROS,1,1,1,2025-10-12,236.58,2393.27,478.33,0.82,65.33,29.20
2026-05-18,2000419,4000419,2021-01-26,2026-03-04,41,A,1,135.90,12.89,1.00,1,24.46,1247.23,93.62,66.60,2026-05-18,CUENTA BASICA,1,1,1,2026-01-08,834.51,1073.28,583.65,2.74,208.02,16.69
2026-05-18,2000420,4000420,2025-05-05,2026-03-15,48,A,1,18.18,3.31,2.00,1,37.11,1253.98,12.43,6.54,2026-05-18,AHORROS,1,1,1,2026-05-06,217.40,156.00,1076.94,0.66,178.35,11.97
2026-05-18,2000421,4000421,2022-08-25,2026-04-30,20,A,1,550.32,119.02,2.00,1,72.34,647.18,224.61,292.56,2026-05-18,AHORROS,1,0,1,2025-10-14,187.16,272.08,144.21,1.21,57.94,19.76
2026-05-18,2000422,4000422,2021-03-04,2026-04-20,5,A,20,455.89,89.07,2.00,1,3.61,42.44,320.13,155.48,2026-05-18,CUENTA BASICA,1,0,1,2025-07-25,477.03,693.75,521.42,0.03,3.77,0.12
2026-05-18,2000423,4000423,2022-12-21,2026-03-05,20,A,20,140.14,26.84,1.50,1,97.13,554.03,108.08,129.60,2026-05-18,EL CENTAVITO,0,1,1,2025-09-13,438.83,1231.85,1023.53,0.90,122.70,21.29
2026-05-18,2000424,4000424,2019-03-07,2026-03-11,48,A,1,249.44,24.06,2.00,1,0.66,407.88,165.52,117.33,2026-05-18,EL CENTAVITO,0,1,1,2025-06-28,56.11,1714.08,396.02,0.03,0.58,1.37
2026-05-18,2000425,4000425,2021-10-11,2026-03-03,41,I,20,473.78,16.94,2.00,1,45.89,1511.78,147.89,348.78,2026-05-18,EL CENTAVITO,0,1,1,2025-02-07,365.19,1049.18,580.99,0.31,35.64,11.92
2026-05-18,2000426,4000426,2022-08-15,2026-04-18,41,A,1,89.18,10.59,1.00,1,21.37,629.55,48.25,74.80,2026-05-18,AHORROS,1,1,1,2025-10-27,292.94,2000.25,42.92,0.07,53.31,14.07
2026-05-18,2000427,4000427,2020-01-27,2026-04-21,20,A,10,121.44,28.70,2.00,1,16.04,125.46,39.44,61.30,2026-05-18,AHORROS,0,0,1,2026-02-05,128.11,2245.27,190.81,0.95,282.49,55.68
2026-05-18,2000428,4000428,2023-11-10,2026-03-23,69,A,10,470.60,17.90,1.00,1,60.02,98.49,152.54,345.76,2026-05-18,CUENTA BASICA,0,1,1,2025-03-04,190.37,33.18,448.77,2.61,123.56,60.23
2026-05-18,2000429,4000429,2024-08-28,2026-04-09,69,A,1,317.82,35.71,1.00,1,76.26,261.62,165.25,257.33,2026-05-18,EL CENTAVITO,0,1,1,2025-09-29,674.60,1230.20,598.13,0.05,28.11,21.30
2026-05-18,2000430,4000430,2021-07-16,2026-04-03,69,A,20,1.86,0.28,1.50,1,25.54,1264.93,1.49,1.37,2026-05-18,CUENTA BASICA,0,0,1,2026-03-13,656.70,1352.88,993.31,0.14,13.00,5.15
2026-05-18,2000431,4000431,2025-04-08,2026-04-20,69,A,1,544.67,73.36,0.60,1,69.43,753.04,446.76,240.16,2026-05-18,CUENTA BASICA,0,1,1,2025-09-19,805.64,2370.53,920.44,0.13,105.61,25.77
2026-05-18,2000432,4000432,2021-10-18,2026-03-25,20,A,1,379.80,39.78,0.60,1,32.04,328.20,209.67,424.38,2026-05-18,CUENTA BASICA,0,0,1,2026-03-21,584.92,2168.82,541.37,0.26,73.79,13.50
2026-05-18,2000433,4000433,2022-03-19,2026-05-04,20,A,20,102.51,3.20,1.50,1,4.72,577.58,82.23,30.32,2026-05-18,EL CENTAVITO,0,1,1,2026-01-01,97.53,781.13,211.91,1.10,165.29,56.29
2026-05-18,2000434,4000434,2020-02-06,2026-05-01,41,A,10,152.22,36.13,0.60,1,79.10,126.54,57.06,31.46,2026-05-18,AHORROS,0,0,1,2026-02-24,886.50,1571.66,662.21,0.28,49.63,22.84
2026-05-18,2000435,4000435,2021-11-16,2026-05-13,20,A,1,331.17,18.78,1.50,1,60.61,339.46,186.72,194.96,2026-05-18,CUENTA BASICA,1,1,1,2026-02-16,373.53,1250.31,870.47,0.33,22.74,4.66
2026-05-18,2000436,4000436,2018-06-20,2026-03-23,5,I,10,115.68,6.53,0.60,1,64.09,964.17,76.43,22.03,2026-05-18,CUENTA BASICA,1,1,1,2025-06-09,338.04,196.37,315.01,1.97,156.41,53.33
2026-05-18,2000437,4000437,2021-07-29,2026-04-13,48,A,20,511.74,112.50,0.60,1,36.50,667.61,297.70,216.46,2026-05-18,EL CENTAVITO,0,1,1,2026-01-10,232.75,820.41,537.05,0.09,17.12,5.25
2026-05-18,2000438,4000438,2019-07-17,2026-04-07,60,A,20,561.23,87.97,2.00,1,117.87,374.40,340.62,636.54,2026-05-18,CUENTA BASICA,1,1,1,2025-05-16,0.41,1218.09,931.24,1.70,180.47,30.56
2026-05-18,2000439,4000439,2023-03-14,2026-04-18,48,A,1,364.55,78.56,1.00,1,97.52,839.14,63.14,79.88,2026-05-18,EL CENTAVITO,0,1,1,2025-09-15,701.43,1175.73,472.01,0.72,92.71,21.36
2026-05-18,2000440,4000440,2018-12-18,2026-03-23,41,A,10,551.91,70.03,1.00,1,190.26,693.02,99.32,203.12,2026-05-18,AHORROS,1,1,1,2025-09-26,439.39,692.51,429.14,2.04,14.95,17.25
2026-05-18,2000441,4000441,2018-11-10,2026-04-06,48,A,20,411.59,79.15,1.00,1,56.73,1524.18,348.55,135.42,2026-05-18,AHORROS,0,0,1,2025-12-10,231.16,1124.61,215.84,0.80,116.60,23.44
2026-05-18,2000442,4000442,2024-03-17,2026-03-31,69,A,10,2170.21,304.62,1.00,1,147.42,614.33,1776.89,1113.02,2026-05-18,AHORROS,1,1,1,2025-12-24,790.61,16.99,1105.48,1.12,249.42,1.11
2026-05-18,2000443,4000443,2019-05-04,2026-04-25,5,A,20,567.09,94.54,2.00,1,7.55,1351.27,445.31,263.91,2026-05-18,EL CENTAVITO,1,1,1,2025-09-07,528.37,1591.56,428.45,0.02,26.99,31.42
2026-05-18,2000444,4000444,2025-03-24,2026-04-20,48,A,1,634.99,31.14,1.00,1,27.15,1062.89,528.22,584.42,2026-05-18,AHORROS,1,0,1,2025-08-08,679.37,2342.72,108.19,0.67,21.67,14.82
2026-05-18,2000445,4000445,2024-12-04,2026-03-26,69,A,20,1451.31,146.99,1.00,1,26.06,734.99,236.89,461.41,2026-05-18,EL CENTAVITO,1,1,1,2025-03-27,188.06,361.00,577.62,0.40,44.84,13.38
2026-05-18,2000446,4000446,2020-11-19,2026-05-06,48,A,20,1701.08,340.35,1.00,1,15.38,1152.04,352.76,474.41,2026-05-18,AHORROS,1,0,1,2025-11-18,258.79,1489.00,414.77,0.04,13.24,2.88
2026-05-18,2000447,4000447,2023-10-28,2026-03-03,69,A,1,81.40,4.65,1.50,1,188.85,819.81,37.60,79.86,2026-05-18,EL CENTAVITO,0,0,1,2026-01-18,809.06,52.40,1070.68,0.17,275.17,37.34
2026-05-18,2000448,4000448,2022-09-17,2026-03-07,41,A,20,1142.74,42.91,1.00,1,7.30,74.27,553.36,1283.62,2026-05-18,AHORROS,0,1,1,2025-07-10,426.91,1471.88,328.28,0.15,26.95,0.04
2026-05-18,2000449,4000449,2021-10-03,2026-04-21,41,A,20,1798.72,212.00,1.00,1,196.64,2.59,845.20,1236.85,2026-05-18,CUENTA BASICA,1,0,1,2026-05-02,498.21,719.84,314.23,0.76,36.03,0.05
2026-05-18,2000450,4000450,2024-10-27,2026-05-09,5,A,10,1652.46,201.86,2.00,1,33.20,539.86,794.23,1865.49,2026-05-18,AHORROS,1,0,1,2025-01-09,430.65,555.60,248.29,0.41,17.04,1.90
2026-05-18,2000451,4000451,2019-08-04,2026-05-02,41,A,10,945.33,162.65,0.60,1,26.30,1307.14,751.30,958.70,2026-05-18,AHORROS,0,0,1,2025-04-25,733.27,813.58,768.20,1.52,81.85,46.36
2026-05-18,2000452,4000452,2018-10-11,2026-03-07,48,A,10,826.82,129.39,1.50,1,174.15,1151.85,271.42,357.01,2026-05-18,AHORROS,0,0,1,2025-10-15,148.91,524.03,254.98,1.10,50.94,22.49
2026-05-18,2000453,4000453,2018-08-11,2026-03-15,60,A,10,1132.95,78.86,0.60,1,76.62,1148.43,899.90,1284.46,2026-05-18,AHORROS,0,0,1,2025-06-01,550.80,568.00,151.89,1.10,114.75,24.97
2026-05-18,2000454,4000454,2024-12-29,2026-03-22,20,A,20,467.49,87.21,2.00,1,183.71,790.45,183.27,243.92,2026-05-18,EL CENTAVITO,1,1,1,2025-01-19,6.50,1023.15,484.24,0.00,32.08,7.04
2026-05-18,2000455,4000455,2023-07-02,2026-03-17,60,A,1,1103.32,80.49,0.60,1,77.76,623.99,329.32,988.08,2026-05-18,AHORROS,1,1,1,2025-02-08,81.76,1769.13,473.55,0.30,46.67,6.34
2026-05-18,2000456,4000456,2020-04-19,2026-03-15,69,A,20,1862.07,60.66,1.00,1,83.05,715.36,1105.04,361.80,2026-05-18,AHORROS,1,1,1,2025-10-03,642.22,1520.31,645.73,1.67,303.85,65.88
2026-05-18,2000457,4000457,2025-05-25,2026-05-14,60,A,1,251.20,34.62,0.60,1,36.31,1573.70,130.21,223.33,2026-05-18,CUENTA BASICA,1,0,1,2026-04-05,618.69,1801.42,253.81,0.14,25.39,11.42
2026-05-18,2000458,4000458,2023-03-04,2026-03-09,20,A,20,1112.16,211.56,1.50,1,61.75,481.88,758.56,1274.43,2026-05-18,EL CENTAVITO,1,0,1,2026-04-04,326.39,142.76,699.52,0.58,21.78,21.90
2026-05-18,2000459,4000459,2024-07-13,2026-04-16,41,A,20,1416.77,175.25,1.50,1,248.62,751.38,1013.38,330.40,2026-05-18,CUENTA BASICA,1,1,1,2026-04-21,219.16,589.54,428.24,2.12,303.32,34.49
2026-05-18,2000460,4000460,2026-03-08,2026-03-15,5,A,1,1947.40,269.90,1.50,1,303.34,315.96,1103.51,819.66,2026-05-18,EL CENTAVITO,1,0,1,2026-03-11,894.01,2325.68,339.53,3.25,342.22,85.44
2026-05-18,2000461,4000461,2018-03-25,2026-04-19,5,A,1,1999.76,324.93,2.00,1,163.03,246.60,372.30,800.69,2026-05-18,AHORROS,1,1,1,2026-03-20,592.74,1233.78,886.06,1.03,42.27,10.72
2026-05-18,2000462,4000462,2020-05-27,2026-05-13,5,A,1,191.23,22.74,1.00,1,34.66,298.81,54.63,89.78,2026-05-18,AHORROS,1,0,1,2025-04-09,108.53,1039.77,1057.62,0.63,114.26,40.35
2026-05-18,2000463,4000463,2021-08-18,2026-03-07,20,A,20,331.84,70.65,1.00,1,7.45,955.90,179.48,366.75,2026-05-18,CUENTA BASICA,0,1,1,2026-04-18,165.73,1879.14,308.96,0.04,6.84,1.86
2026-05-18,2000464,4000464,2019-08-20,2026-04-24,60,A,1,2196.46,440.57,0.60,1,87.10,1499.61,958.46,945.23,2026-05-18,CUENTA BASICA,0,1,1,2025-02-05,560.92,229.30,744.47,0.19,101.26,6.55
2026-05-18,2000465,4000465,2018-08-11,2026-04-06,69,I,1,408.00,55.32,1.00,1,128.07,654.32,260.51,106.45,2026-05-18,CUENTA BASICA,0,1,1,2025-06-10,722.46,1933.16,1011.46,2.93,215.24,37.52
2026-05-18,2000466,4000466,2021-04-18,2026-03-06,20,A,1,1375.66,228.45,1.50,1,13.67,1290.57,1157.79,1321.12,2026-05-18,EL CENTAVITO,0,0,1,2025-01-18,756.53,76.49,71.87,1.08,19.87,6.24
2026-05-18,2000467,4000467,2024-06-17,2026-04-06,60,A,1,367.67,85.30,1.50,1,66.67,1471.33,84.54,235.95,2026-05-18,CUENTA BASICA,1,1,1,2025-06-13,112.67,1259.68,45.39,1.69,74.28,6.91
2026-05-18,2000468,4000468,2023-08-01,2026-05-04,20,A,10,1622.39,283.45,1.00,1,182.49,270.21,1217.40,1770.87,2026-05-18,EL CENTAVITO,1,0,1,2025-12-03,709.29,1855.83,948.91,1.03,195.98,52.44
2026-05-18,2000469,4000469,2022-06-16,2026-05-16,5,A,20,1972.54,129.28,2.00,1,16.04,1546.73,946.66,2162.39,2026-05-18,AHORROS,1,1,1,2026-03-22,147.22,2071.03,1100.49,0.06,6.85,0.49
2026-05-18,2000470,4000470,2025-07-26,2026-04-11,41,A,1,1899.11,316.62,1.50,1,18.46,1030.14,390.86,1057.80,2026-05-18,CUENTA BASICA,0,1,1,2025-10-06,414.81,1244.00,688.33,0.37,18.01,5.66
2026-05-18,2000471,4000471,2023-08-12,2026-04-04,69,A,1,1763.93,292.45,2.00,1,108.53,1431.27,1213.46,352.03,2026-05-18,EL CENTAVITO,1,0,1,2025-09-15,178.94,136.16,20.35,0.91,132.05,20.68
2026-05-18,2000472,4000472,2024-03-20,2026-04-02,5,A,20,454.03,31.33,2.00,1,10.67,411.61,241.10,310.83,2026-05-18,EL CENTAVITO,0,0,1,2025-02-19,685.82,516.65,712.67,0.13,4.60,0.54
2026-05-18,2000473,4000473,2020-11-21,2026-03-10,48,A,20,2092.63,273.29,1.50,1,14.65,1234.24,749.56,2283.12,2026-05-18,EL CENTAVITO,0,0,1,2025-08-18,259.35,612.89,1.78,0.34,60.10,4.48
2026-05-18,2000474,4000474,2018-10-08,2026-05-13,60,A,20,240.86,7.66,2.00,1,73.49,1528.74,109.17,270.89,2026-05-18,EL CENTAVITO,0,1,1,2026-03-09,9.90,1416.59,673.77,1.16,6.41,19.39
2026-05-18,2000475,4000475,2021-11-03,2026-04-01,60,A,20,835.21,115.82,1.50,1,172.63,1359.32,210.36,494.27,2026-05-18,AHORROS,0,0,1,2025-03-10,670.07,928.93,115.47,2.43,186.38,62.11
2026-05-18,2000476,4000476,2022-08-11,2026-03-08,5,A,1,1194.79,88.35,1.50,1,28.47,41.68,1046.62,574.27,2026-05-18,CUENTA BASICA,1,1,1,2025-05-02,208.46,2372.55,563.20,0.53,59.49,12.86
2026-05-18,2000477,4000477,2019-05-20,2026-03-27,20,A,10,227.58,47.03,2.00,1,128.15,285.02,142.00,147.95,2026-05-18,AHORROS,1,0,1,2026-04-27,205.18,1762.58,1044.04,0.01,67.83,17.14
2026-05-18,2000478,4000478,2019-03-12,2026-05-03,69,A,10,1760.07,91.93,1.00,1,25.22,298.86,877.31,1006.41,2026-05-18,AHORROS,0,1,1,2025-10-15,348.59,438.33,244.74,0.86,81.92,23.70
2026-05-18,2000479,4000479,2020-02-15,2026-05-17,69,A,10,509.22,39.71,1.00,1,26.03,709.42,303.29,447.82,2026-05-18,EL CENTAVITO,0,0,1,2026-04-03,640.12,1354.25,802.73,0.23,37.85,1.58
2026-05-18,2000480,4000480,2023-09-23,2026-03-05,48,A,20,1262.61,102.86,1.50,1,9.32,173.41,1052.64,229.01,2026-05-18,CUENTA BASICA,1,0,1,2025-08-09,840.85,912.35,262.43,0.60,37.04,16.22
2026-05-18,2000481,4000481,2022-02-06,2026-03-18,5,A,20,1490.46,95.59,1.50,1,24.09,447.44,971.44,1313.48,2026-05-18,CUENTA BASICA,1,1,1,2025-10-31,793.55,1221.38,958.61,0.13,9.30,18.88
2026-05-18,2000482,4000482,2022-03-12,2026-04-03,48,A,20,1366.25,187.04,1.50,1,7.05,1204.90,1182.16,893.61,2026-05-18,CUENTA BASICA,1,0,1,2025-01-12,520.73,1127.55,972.70,1.21,74.74,14.34
2026-05-18,2000483,4000483,2023-10-12,2026-03-10,20,A,1,1691.82,186.23,0.60,1,171.82,590.69,600.88,1218.27,2026-05-18,AHORROS,0,0,1,2025-07-20,421.51,1957.93,772.39,1.67,135.50,30.52
2026-05-18,2000484,4000484,2021-08-20,2026-03-27,48,A,10,103.06,14.47,2.00,1,23.59,685.83,89.68,116.76,2026-05-18,AHORROS,0,1,1,2025-06-29,784.10,192.82,606.78,1.32,52.10,17.00
2026-05-18,2000485,4000485,2018-07-07,2026-04-07,20,A,1,1412.74,264.33,0.60,1,187.31,817.84,1243.78,1468.09,2026-05-18,AHORROS,1,1,1,2025-03-11,257.49,401.83,1095.53,1.01,234.45,55.41
2026-05-18,2000486,4000486,2020-07-10,2026-05-12,41,A,10,1755.37,394.49,1.00,1,39.64,1456.09,704.68,1218.80,2026-05-18,AHORROS,1,1,1,2025-08-07,76.92,1721.38,610.37,0.29,80.24,10.70
2026-05-18,2000487,4000487,2021-09-01,2026-03-04,20,A,20,756.70,148.74,1.50,1,27.39,46.69,377.65,588.08,2026-05-18,AHORROS,1,0,1,2025-07-19,856.10,1517.55,181.87,0.72,110.33,40.85
2026-05-18,2000488,4000488,2021-03-05,2026-03-31,60,A,10,2165.57,396.68,1.50,1,20.94,18.09,1797.43,1563.45,2026-05-18,AHORROS,0,1,1,2025-11-28,367.15,2153.56,549.27,1.03,186.03,16.11
2026-05-18,2000489,4000489,2018-11-12,2026-05-15,5,A,10,148.81,10.97,2.00,1,2.53,1261.39,60.69,51.29,2026-05-18,CUENTA BASICA,0,1,1,2025-06-02,198.15,184.57,988.79,1.75,42.86,27.48
2026-05-18,2000490,4000490,2019-01-18,2026-05-08,69,A,1,441.09,42.94,1.50,1,17.09,255.51,215.81,196.56,2026-05-18,AHORROS,1,0,1,2025-04-16,621.67,1698.49,850.00,0.10,34.21,15.03
2026-05-18,2000491,4000491,2026-02-23,2026-04-19,20,I,10,1613.31,400.15,2.00,1,109.51,1155.53,862.40,1494.45,2026-05-18,EL CENTAVITO,1,1,1,2025-07-28,747.90,2236.72,1094.54,0.73,55.48,15.88
2026-05-18,2000492,4000492,2021-07-20,2026-04-01,60,A,10,1578.56,274.29,2.00,1,67.11,855.24,368.38,917.65,2026-05-18,CUENTA BASICA,0,1,1,2025-04-14,704.34,634.07,588.06,1.75,109.39,12.10
2026-05-18,2000493,4000493,2024-10-25,2026-05-02,41,A,10,285.04,34.42,1.00,1,85.80,407.57,199.71,236.78,2026-05-18,AHORROS,0,1,1,2026-05-18,696.05,2234.88,716.50,1.11,3.84,19.96
2026-05-18,2000494,4000494,2026-02-10,2026-04-28,20,A,20,1004.84,180.02,1.00,1,25.27,627.31,429.32,565.25,2026-05-18,AHORROS,1,0,1,2025-10-27,645.70,1482.30,669.34,0.24,70.02,4.21
2026-05-18,2000495,4000495,2025-01-16,2026-03-16,5,A,1,130.60,16.95,0.60,1,77.27,1199.75,45.99,118.01,2026-05-18,CUENTA BASICA,0,0,1,2025-04-23,623.95,217.34,985.61,1.15,225.85,12.03
2026-05-18,2000496,4000496,2022-01-29,2026-04-14,60,A,10,106.43,6.71,2.00,1,34.77,706.48,18.83,30.03,2026-05-18,CUENTA BASICA,0,1,1,2026-01-19,402.71,2384.74,1154.80,0.13,66.55,29.49
2026-05-18,2000497,4000497,2023-02-09,2026-05-16,20,A,10,895.12,98.31,0.60,1,46.50,119.25,581.28,1009.55,2026-05-18,CUENTA BASICA,1,1,1,2026-05-09,290.07,275.90,475.48,0.31,15.80,1.68
2026-05-18,2000498,4000498,2019-02-22,2026-04-25,69,A,1,694.13,66.23,1.00,1,13.30,1315.41,180.93,143.22,2026-05-18,AHORROS,1,0,1,2026-02-20,775.13,663.33,211.56,0.05,9.05,1.74
2026-05-18,2000499,4000499,2021-06-03,2026-04-26,41,A,10,1759.00,212.74,1.50,1,86.09,860.18,432.80,1474.93,2026-05-18,AHORROS,1,1,1,2025-07-06,559.07,830.25,522.35,0.08,118.19,2.61
